"Step","Name: compare_q_matrix-mlp - Log ZCSMC","Name: compare_q_matrix-mlp - Log ZCSMC__MIN","Name: compare_q_matrix-mlp - Log ZCSMC__MAX","Name: compare_q_matrix-stationary - Log ZCSMC","Name: compare_q_matrix-stationary - Log ZCSMC__MIN","Name: compare_q_matrix-stationary - Log ZCSMC__MAX","Name: compare_q_matrix-jc69 - Log ZCSMC","Name: compare_q_matrix-jc69 - Log ZCSMC__MIN","Name: compare_q_matrix-jc69 - Log ZCSMC__MAX"
"0","-7026.675390625","-7237.0029296875","-6895.1337890625","-7155.3638671875","-7360.9482421875","-7002.94140625","-7010.31640625","-7107.990234375","-6932.4306640625"
"1","-6874.65859375","-7073.41015625","-6766.8017578125","-7016.1380859375","-7205.3447265625","-6890.2021484375","-6876.3265625","-6963.3740234375","-6821.66796875"
"2","-6764.684765625","-6949.6416015625","-6666.11328125","-6908.040234375","-7102.96875","-6792.0927734375","-6800.37275390625","-6881.55517578125","-6757.994140625"
"3","-6673.637109375","-6849.5","-6582.3154296875","-6825.6705078125","-7021.255859375","-6715.234375","-6768.00556640625","-6872.7626953125","-6704.8671875"
"4","-6596.1529296875","-6765.162109375","-6511.0517578125","-6739.671484375","-6852.6689453125","-6653.10546875","-6717.898046875","-6808.51171875","-6655.9365234375"
"5","-6528.0478515625","-6691.51953125","-6449.078125","-6686.4724609375","-6798.2568359375","-6602.2626953125","-6676.6525390625","-6753.9931640625","-6617.7041015625"
"6","-6466.955078125","-6625.92578125","-6391.013671875","-6641.9435546875","-6748.826171875","-6560.0107421875","-6642.8564453125","-6709.4482421875","-6587.7578125"
"7","-6411.1712890625","-6565.76953125","-6332.5400390625","-6603.6501953125","-6703.99609375","-6524.3212890625","-6615.1720703125","-6674.2236328125","-6564.0478515625"
"8","-6359.6017578125","-6509.44921875","-6279.8701171875","-6570.394921875","-6663.1484375","-6493.8564453125","-6592.2041015625","-6646.3349609375","-6544.5693359375"
"9","-6311.70703125","-6455.6396484375","-6232.7861328125","-6540.5060546875","-6625.9423828125","-6467.3603515625","-6572.9248046875","-6623.0791015625","-6529.1416015625"
"10","-6267.308984375","-6403.2109375","-6192.1787109375","-6513.7921875","-6592.1337890625","-6444.1201171875","-6556.478125","-6603.49609375","-6516.173828125"
"11","-6226.8052734375","-6352.27734375","-6158.80078125","-6489.5857421875","-6561.1181640625","-6423.6650390625","-6542.3791015625","-6586.8095703125","-6505.3876953125"
"12","-6190.859765625","-6303.4384765625","-6133.4345703125","-6467.819140625","-6533.0322265625","-6405.2568359375","-6530.2380859375","-6572.4072265625","-6496.4150390625"
"13","-6159.4775390625","-6257.728515625","-6114.146484375","-6448.1935546875","-6507.005859375","-6388.9580078125","-6519.676953125","-6559.8154296875","-6488.8994140625"
"14","-6132.5236328125","-6216.9736328125","-6093.8515625","-6430.3435546875","-6483.21875","-6374.091796875","-6510.34140625","-6548.66015625","-6482.53125"
"15","-6109.3630859375","-6182.544921875","-6069.505859375","-6413.957421875","-6461.25390625","-6360.818359375","-6501.9833984375","-6538.6474609375","-6477.125"
"16","-6089.5689453125","-6155.6044921875","-6048.7119140625","-6398.7546875","-6440.9375","-6348.6298828125","-6494.4283203125","-6529.54296875","-6472.6279296875"
"17","-6072.6783203125","-6135.822265625","-6031.4248046875","-6384.5083984375","-6422.2373046875","-6337.28125","-6487.44453125","-6521.1640625","-6467.443359375"
"18","-6058.1552734375","-6120.9052734375","-6017.6669921875","-6371.1765625","-6405.3212890625","-6326.703125","-6480.940234375","-6513.375","-6461.9013671875"
"19","-6045.453125","-6108.4921875","-6006.9833984375","-6358.50078125","-6392.876953125","-6316.8271484375","-6474.8556640625","-6506.0615234375","-6457.03515625"
"20","-6034.0646484375","-6096.33984375","-5998.6572265625","-6346.640234375","-6381.171875","-6307.6064453125","-6469.1552734375","-6499.1455078125","-6452.7958984375"
"21","-6023.818359375","-6083.6787109375","-5991.6689453125","-6335.316796875","-6369.693359375","-6298.966796875","-6463.834375","-6492.5712890625","-6449.20703125"
"22","-6014.673046875","-6070.451171875","-5985.638671875","-6324.4552734375","-6358.4423828125","-6290.7236328125","-6458.8556640625","-6486.306640625","-6446.0927734375"
"23","-6006.267578125","-6056.2216796875","-5979.83984375","-6314.228515625","-6347.841796875","-6282.751953125","-6454.2828125","-6480.330078125","-6443.4697265625"
"24","-5998.3771484375","-6041.640625","-5974.572265625","-6304.4546875","-6337.498046875","-6275.0869140625","-6450.04375","-6474.640625","-6438.9140625"
"25","-5991.0169921875","-6028.044921875","-5969.69140625","-6295.0916015625","-6327.740234375","-6267.7275390625","-6446.05546875","-6469.244140625","-6434.3857421875"
"26","-5984.7197265625","-6016.2158203125","-5966.107421875","-6286.19296875","-6318.396484375","-6260.447265625","-6442.329296875","-6464.1591796875","-6430.2626953125"
"27","-5979.5998046875","-6006.7734375","-5963.705078125","-6277.5509765625","-6309.2880859375","-6253.4296875","-6438.89375","-6459.3974609375","-6426.55078125"
"28","-5975.992578125","-5999.8193359375","-5962.421875","-6269.1640625","-6300.5244140625","-6246.625","-6435.7595703125","-6454.9736328125","-6423.2197265625"
"29","-5973.4478515625","-5995.2275390625","-5961.4609375","-6261.0755859375","-6291.9599609375","-6240.056640625","-6432.814453125","-6450.8857421875","-6420.2578125"
"30","-5971.6005859375","-5992.0576171875","-5960.5986328125","-6253.28359375","-6283.732421875","-6233.779296875","-6430.2994140625","-6448.4462890625","-6417.6494140625"
"31","-5969.9845703125","-5989.3828125","-5959.3994140625","-6245.7857421875","-6275.61328125","-6227.515625","-6427.9759765625","-6446.4521484375","-6415.375"
"32","-5968.6193359375","-5988.291015625","-5957.74609375","-6238.4490234375","-6267.6142578125","-6220.0390625","-6425.758984375","-6444.39453125","-6413.41015625"
"33","-5967.005078125","-5986.24609375","-5956.2119140625","-6231.36171875","-6259.7509765625","-6212.8681640625","-6423.68515625","-6442.2734375","-6411.73046875"
"34","-5965.1658203125","-5983.1796875","-5954.6572265625","-6224.455859375","-6252.1669921875","-6205.9873046875","-6421.743359375","-6440.1064453125","-6410.314453125"
"35","-5962.9654296875","-5979.1708984375","-5953.47265625","-6217.6880859375","-6244.751953125","-6199.2685546875","-6419.943359375","-6438.041015625","-6409.1298828125"
"36","-5960.4751953125","-5974.2685546875","-5952.6083984375","-6211.1037109375","-6237.5673828125","-6192.8388671875","-6418.2615234375","-6436.0068359375","-6407.447265625"
"37","-5957.98203125","-5969.0830078125","-5951.9482421875","-6204.6828125","-6230.5625","-6186.6064453125","-6416.68125","-6434.0224609375","-6405.330078125"
"38","-5955.8970703125","-5963.984375","-5950.1474609375","-6198.3861328125","-6223.5263671875","-6180.693359375","-6415.1837890625","-6432.09375","-6403.4169921875"
"39","-5954.124609375","-5959.443359375","-5949.033203125","-6192.3265625","-6216.80078125","-6174.9970703125","-6413.7611328125","-6430.22265625","-6401.7197265625"
"40","-5952.79453125","-5956.2744140625","-5948.6591796875","-6186.509765625","-6210.2216796875","-6169.5869140625","-6412.4125","-6428.396484375","-6400.2373046875"
"41","-5951.666796875","-5954.654296875","-5948.623046875","-6180.7662109375","-6203.703125","-6164.3544921875","-6411.1236328125","-6426.58984375","-6398.966796875"
"42","-5950.5521484375","-5953.0107421875","-5948.3154296875","-6175.2169921875","-6197.34765625","-6159.4736328125","-6409.8923828125","-6424.7841796875","-6397.8935546875"
"43","-5949.740234375","-5952.01171875","-5947.97265625","-6169.801953125","-6191.1728515625","-6154.521484375","-6408.71171875","-6422.974609375","-6396.99609375"
"44","-5948.829296875","-5951.005859375","-5947.1171875","-6164.554296875","-6185.033203125","-6149.927734375","-6407.5828125","-6421.1748046875","-6396.25390625"
"45","-5947.9701171875","-5950.0732421875","-5946.3486328125","-6159.3634765625","-6179.0283203125","-6145.4052734375","-6406.5271484375","-6419.4208984375","-6395.66796875"
"46","-5947.0396484375","-5949.068359375","-5945.4375","-6154.437890625","-6173.26171875","-6141.24609375","-6405.5517578125","-6417.7587890625","-6395.1826171875"
"47","-5946.092578125","-5947.998046875","-5944.533203125","-6149.5931640625","-6167.4111328125","-6137.126953125","-6404.66640625","-6416.2275390625","-6394.7734375"
"48","-5945.107421875","-5947.0546875","-5942.8388671875","-6144.8947265625","-6161.8193359375","-6133.2470703125","-6403.873046875","-6414.85546875","-6394.419921875"
"49","-5944.09453125","-5946.0205078125","-5941.1689453125","-6140.4095703125","-6156.3740234375","-6129.53515625","-6403.1658203125","-6413.64453125","-6394.095703125"
"50","-5943.2205078125","-5944.896484375","-5939.76953125","-6135.9728515625","-6151.14453125","-6125.8974609375","-6402.5318359375","-6412.59375","-6393.7841796875"
"51","-5942.3486328125","-5943.994140625","-5938.36328125","-6131.783203125","-6146.1728515625","-6122.232421875","-6401.95859375","-6411.68359375","-6393.4736328125"
"52","-5941.601953125","-5943.3544921875","-5937.3876953125","-6127.7822265625","-6141.72265625","-6118.78515625","-6401.434765625","-6410.8974609375","-6393.1572265625"
"53","-5940.905078125","-5942.5068359375","-5936.5458984375","-6123.819921875","-6137.294921875","-6115.3193359375","-6400.95234375","-6410.212890625","-6392.8369140625"
"54","-5940.2978515625","-5941.9794921875","-5935.828125","-6120.05859375","-6133.12890625","-6112.05078125","-6400.5033203125","-6409.6123046875","-6392.5126953125"
"55","-5939.7380859375","-5941.6064453125","-5934.962890625","-6116.374609375","-6128.94921875","-6108.66015625","-6400.082421875","-6409.078125","-6392.185546875"
"56","-5939.140234375","-5941.240234375","-5934.0654296875","-6112.8353515625","-6124.9326171875","-6105.537109375","-6399.698046875","-6408.599609375","-6391.857421875"
"57","-5938.5212890625","-5940.7822265625","-5932.8154296875","-6109.3693359375","-6120.888671875","-6102.3857421875","-6399.341015625","-6408.171875","-6391.5380859375"
"58","-5937.8724609375","-5940.3994140625","-5931.7158203125","-6105.9310546875","-6117.0927734375","-6099.2509765625","-6399.0029296875","-6407.779296875","-6391.232421875"
"59","-5937.1626953125","-5939.916015625","-5930.4306640625","-6102.620703125","-6113.33984375","-6096.146484375","-6398.681640625","-6407.42578125","-6390.9501953125"
"60","-5936.469140625","-5939.37109375","-5929.396484375","-6099.4326171875","-6109.609375","-6093.2060546875","-6398.3814453125","-6407.138671875","-6390.6923828125"
"61","-5935.8419921875","-5938.8251953125","-5928.396484375","-6096.3841796875","-6106.2119140625","-6090.41015625","-6398.097265625","-6406.8974609375","-6390.458984375"
"62","-5935.219921875","-5938.3857421875","-5927.458984375","-6093.3123046875","-6102.8388671875","-6087.4833984375","-6397.8197265625","-6406.6572265625","-6390.2529296875"
"63","-5934.74296875","-5937.9326171875","-5926.69140625","-6090.33203125","-6099.4765625","-6084.7333984375","-6397.5482421875","-6406.4140625","-6390.0732421875"
"64","-5934.2171875","-5937.3701171875","-5926.037109375","-6087.446875","-6096.41796875","-6082.0595703125","-6397.2849609375","-6406.166015625","-6389.91796875"
"65","-5933.7619140625","-5937.005859375","-5925.2421875","-6084.70546875","-6093.4013671875","-6079.3896484375","-6397.0283203125","-6405.908203125","-6389.78515625"
"66","-5933.25390625","-5936.765625","-5924.6318359375","-6081.9306640625","-6090.34765625","-6076.8935546875","-6396.7798828125","-6405.642578125","-6389.666015625"
"67","-5932.6857421875","-5936.173828125","-5923.765625","-6079.28671875","-6087.5244140625","-6074.236328125","-6396.541015625","-6405.3681640625","-6389.556640625"
"68","-5932.1083984375","-5935.673828125","-5922.9736328125","-6076.5955078125","-6084.5302734375","-6071.689453125","-6396.30234375","-6405.08984375","-6389.455078125"
"69","-5931.57890625","-5935.353515625","-5922.1005859375","-6074.096875","-6081.82421875","-6069.4755859375","-6396.0798828125","-6404.8076171875","-6389.3564453125"
"70","-5930.9955078125","-5935.0009765625","-5920.986328125","-6071.5767578125","-6078.990234375","-6067.1552734375","-6395.8595703125","-6404.529296875","-6389.263671875"
"71","-5930.421484375","-5934.52734375","-5920.09765625","-6069.10546875","-6076.3955078125","-6064.794921875","-6395.6396484375","-6404.2548828125","-6389.166015625"
"72","-5929.92265625","-5934.185546875","-5919.2822265625","-6066.7396484375","-6073.8583984375","-6062.5986328125","-6395.424609375","-6403.990234375","-6389.0703125"
"73","-5929.4275390625","-5933.9619140625","-5918.4287109375","-6064.3736328125","-6071.291015625","-6060.2822265625","-6395.2142578125","-6403.734375","-6388.970703125"
"74","-5928.856640625","-5933.4306640625","-5917.39453125","-6062.0912109375","-6068.7451171875","-6058.158203125","-6395.009765625","-6403.486328125","-6388.8671875"
"75","-5928.3056640625","-5932.9990234375","-5916.609375","-6059.8806640625","-6066.44921875","-6055.7958984375","-6394.8142578125","-6403.248046875","-6388.7646484375"
"76","-5927.6916015625","-5932.638671875","-5915.5732421875","-6057.6451171875","-6063.9130859375","-6053.5732421875","-6394.625390625","-6403.013671875","-6388.6591796875"
"77","-5927.084375","-5932.18359375","-5914.34765625","-6055.5615234375","-6061.7744140625","-6051.458984375","-6394.446484375","-6402.7802734375","-6388.552734375"
"78","-5926.4701171875","-5931.814453125","-5913.1962890625","-6053.448046875","-6059.4345703125","-6049.404296875","-6394.2748046875","-6402.546875","-6388.447265625"
"79","-5925.9001953125","-5931.4853515625","-5912.2626953125","-6051.387890625","-6057.234375","-6047.2861328125","-6394.1076171875","-6402.31640625","-6388.3427734375"
"80","-5925.3142578125","-5931.078125","-5911.1455078125","-6049.3328125","-6055.0302734375","-6045.2529296875","-6393.9439453125","-6402.087890625","-6388.2421875"
"81","-5924.612890625","-5930.5419921875","-5909.9853515625","-6047.4103515625","-6053.00390625","-6043.3037109375","-6393.7853515625","-6401.86328125","-6388.146484375"
"82","-5923.979296875","-5930.27734375","-5908.7587890625","-6045.5119140625","-6050.857421875","-6041.443359375","-6393.6310546875","-6401.642578125","-6388.056640625"
"83","-5923.2873046875","-5929.81640625","-5907.7197265625","-6043.5958984375","-6048.875","-6039.458984375","-6393.483203125","-6401.42578125","-6387.9697265625"
"84","-5922.5998046875","-5929.5126953125","-5906.2275390625","-6041.7697265625","-6046.8076171875","-6037.6572265625","-6393.3412109375","-6401.2109375","-6387.890625"
"85","-5921.8689453125","-5929.072265625","-5904.9677734375","-6039.938671875","-6044.8232421875","-6035.7666015625","-6393.2044921875","-6401","-6387.818359375"
"86","-5921.176171875","-5928.7705078125","-5903.548828125","-6038.2087890625","-6043.064453125","-6034.0859375","-6393.071484375","-6400.7900390625","-6387.7509765625"
"87","-5920.432421875","-5928.2998046875","-5902.1962890625","-6036.4833984375","-6041.1982421875","-6032.2724609375","-6392.9416015625","-6400.5830078125","-6387.689453125"
"88","-5919.6400390625","-5927.8466796875","-5900.7451171875","-6034.735546875","-6039.3310546875","-6030.638671875","-6392.814453125","-6400.3779296875","-6387.6318359375"
"89","-5918.8533203125","-5927.392578125","-5899.3173828125","-6033.1248046875","-6037.697265625","-6028.939453125","-6392.6896484375","-6400.173828125","-6387.580078125"
"90","-5918.024609375","-5926.9658203125","-5897.7646484375","-6031.4892578125","-6035.9140625","-6027.4345703125","-6392.56796875","-6399.9736328125","-6387.53125"
"91","-5917.1990234375","-5926.5087890625","-5896.236328125","-6029.8953125","-6034.2802734375","-6025.91015625","-6392.450390625","-6399.775390625","-6387.484375"
"92","-5916.3408203125","-5926.0625","-5894.654296875","-6028.36171875","-6032.654296875","-6024.3544921875","-6392.3349609375","-6399.5810546875","-6387.44140625"
"93","-5915.4166015625","-5925.53515625","-5893.0654296875","-6026.8205078125","-6030.939453125","-6022.7998046875","-6392.2224609375","-6399.3876953125","-6387.4013671875"
"94","-5914.51484375","-5925.0390625","-5891.482421875","-6025.3767578125","-6029.5537109375","-6021.443359375","-6392.112890625","-6399.2001953125","-6387.361328125"
"95","-5913.6482421875","-5924.6337890625","-5890.0224609375","-6023.9123046875","-6027.9189453125","-6019.974609375","-6392.0060546875","-6399.0107421875","-6387.32421875"
"96","-5912.54921875","-5924.0556640625","-5887.873046875","-6022.443359375","-6026.5234375","-6018.4892578125","-6391.901171875","-6398.82421875","-6387.2890625"
"97","-5911.75390625","-5923.5673828125","-5887.107421875","-6021.05078125","-6025.0126953125","-6017.0908203125","-6391.7970703125","-6398.638671875","-6387.2509765625"
"98","-5910.8626953125","-5923.0400390625","-5886.1357421875","-6019.6646484375","-6023.5341796875","-6015.73828125","-6391.6962890625","-6398.4521484375","-6387.21875"
"99","-5909.975390625","-5922.4931640625","-5885.0888671875","-6018.3318359375","-6022.09765625","-6014.5146484375","-6391.5974609375","-6398.26953125","-6387.1875"
"100","-5908.9376953125","-5921.7978515625","-5883.8798828125","-6017.023828125","-6020.6708984375","-6013.146484375","-6391.5","-6398.0859375","-6387.1572265625"
"101","-5907.95546875","-5921.2783203125","-5882.7861328125","-6015.7166015625","-6019.4248046875","-6012.0029296875","-6391.40546875","-6397.908203125","-6387.1279296875"
"102","-5906.9439453125","-5920.806640625","-5881.591796875","-6014.4515625","-6018.0849609375","-6010.642578125","-6391.3125","-6397.7275390625","-6387.1025390625"
"103","-5905.93671875","-5920.2333984375","-5880.5234375","-6013.2248046875","-6016.6337890625","-6009.45703125","-6391.2208984375","-6397.5498046875","-6387.078125"
"104","-5904.9322265625","-5919.908203125","-5879.42578125","-6012.0423828125","-6015.5419921875","-6008.2587890625","-6391.1330078125","-6397.3759765625","-6387.0556640625"
"105","-5903.9134765625","-5919.1787109375","-5878.5927734375","-6010.7908203125","-6014.2021484375","-6007.2060546875","-6391.0453125","-6397.2021484375","-6387.03515625"
"106","-5902.9083984375","-5918.71875","-5877.658203125","-6009.6650390625","-6013.0517578125","-6006.078125","-6390.9595703125","-6397.0302734375","-6387.0146484375"
"107","-5902.2619140625","-5918.0146484375","-5876.8818359375","-6008.5072265625","-6011.873046875","-6004.8330078125","-6390.876171875","-6396.861328125","-6386.9970703125"
"108","-5901.0580078125","-5917.390625","-5875.8369140625","-6007.395703125","-6010.8212890625","-6003.8212890625","-6390.7951171875","-6396.6953125","-6386.978515625"
"109","-5899.7029296875","-5916.107421875","-5874.7890625","-6006.31953125","-6009.591796875","-6002.7041015625","-6390.7150390625","-6396.529296875","-6386.962890625"
"110","-5899.0255859375","-5917.1357421875","-5873.7275390625","-6005.2017578125","-6008.4453125","-6001.6923828125","-6390.6365234375","-6396.3662109375","-6386.947265625"
"111","-5898.0716796875","-5917.8896484375","-5872.7666015625","-6004.1501953125","-6007.2734375","-6000.6962890625","-6390.558984375","-6396.2060546875","-6386.9306640625"
"112","-5896.9625","-5917.8525390625","-5871.7197265625","-6003.0951171875","-6006.216796875","-5999.62109375","-6390.4833984375","-6396.046875","-6386.916015625"
"113","-5896.030859375","-5917.001953125","-5870.75","-6002.13984375","-6005.251953125","-5998.767578125","-6390.40859375","-6395.890625","-6386.9013671875"
"114","-5894.687890625","-5915.4013671875","-5869.7275390625","-6001.0955078125","-6004.1455078125","-5997.7685546875","-6390.3353515625","-6395.736328125","-6386.88671875"
"115","-5893.27109375","-5913.9697265625","-5868.921875","-6000.0791015625","-6003.16796875","-5996.7138671875","-6390.262890625","-6395.5810546875","-6386.873046875"
"116","-5892.048046875","-5912.91796875","-5867.904296875","-5999.1771484375","-6002.31640625","-5995.82421875","-6390.1916015625","-6395.4296875","-6386.8583984375"
"117","-5890.9140625","-5912.037109375","-5867.2783203125","-5998.2197265625","-6001.30859375","-5994.9853515625","-6390.121484375","-6395.2783203125","-6386.8466796875"
"118","-5889.926953125","-5912.8046875","-5866.619140625","-5997.29375","-6000.4267578125","-5994.091796875","-6390.0515625","-6395.12890625","-6386.83203125"
"119","-5889.183984375","-5914.1318359375","-5865.765625","-5996.3640625","-5999.3994140625","-5993.208984375","-6389.984375","-6394.98046875","-6386.822265625"
"120","-5888.2123046875","-5914.3798828125","-5864.84375","-5995.5060546875","-5998.5654296875","-5992.392578125","-6389.9169921875","-6394.8330078125","-6386.8095703125"
"121","-5886.88359375","-5913.5947265625","-5864.03515625","-5994.6671875","-5997.6083984375","-5991.6259765625","-6389.8513671875","-6394.6875","-6386.7978515625"
"122","-5885.499609375","-5912.0361328125","-5863.388671875","-5993.737109375","-5996.716796875","-5990.7099609375","-6389.7859375","-6394.5439453125","-6386.787109375"
"123","-5884.063671875","-5910.30859375","-5862.5595703125","-5992.903125","-5995.93359375","-5989.7958984375","-6389.7216796875","-6394.3994140625","-6386.7763671875"
"124","-5882.0228515625","-5906.3603515625","-5861.9453125","-5992.0548828125","-5995.005859375","-5989.0712890625","-6389.6583984375","-6394.255859375","-6386.7666015625"
"125","-5881.641796875","-5908.7685546875","-5861.345703125","-5991.2703125","-5994.2548828125","-5988.314453125","-6389.59609375","-6394.1162109375","-6386.755859375"
"126","-5880.5318359375","-5908.162109375","-5860.55078125","-5990.4732421875","-5993.427734375","-5987.5498046875","-6389.53515625","-6393.9765625","-6386.74609375"
"127","-5879.0724609375","-5907.716796875","-5859.74609375","-5989.7076171875","-5992.6787109375","-5986.7255859375","-6389.4751953125","-6393.8388671875","-6386.73828125"
"128","-5878.46171875","-5906.9423828125","-5859.1962890625","-5988.92734375","-5991.8193359375","-5986.06640625","-6389.4158203125","-6393.7041015625","-6386.73046875"
"129","-5877.603515625","-5906.3125","-5858.6787109375","-5988.153515625","-5991.072265625","-5985.3974609375","-6389.3578125","-6393.568359375","-6386.7216796875"
"130","-5876.1822265625","-5903.9541015625","-5857.9921875","-5987.455078125","-5990.3642578125","-5984.7001953125","-6389.3","-6393.435546875","-6386.7138671875"
"131","-5875.578515625","-5905.34375","-5857.3330078125","-5986.714453125","-5989.59765625","-5984.0322265625","-6389.24375","-6393.3037109375","-6386.70703125"
"132","-5874.7404296875","-5904.9345703125","-5856.638671875","-5985.9974609375","-5988.833984375","-5983.326171875","-6389.1876953125","-6393.1728515625","-6386.69921875"
"133","-5874.6865234375","-5904.2939453125","-5855.9423828125","-5985.248828125","-5988.111328125","-5982.6865234375","-6389.1328125","-6393.046875","-6386.69140625"
"134","-5873.9427734375","-5903.45703125","-5855.3193359375","-5984.5951171875","-5987.5390625","-5981.919921875","-6389.0796875","-6392.9208984375","-6386.685546875"
"135","-5872.669921875","-5902.20703125","-5854.6455078125","-5983.9109375","-5986.677734375","-5981.32421875","-6389.0255859375","-6392.79296875","-6386.677734375"
"136","-5871.60234375","-5901.90625","-5853.994140625","-5983.226953125","-5985.9873046875","-5980.6396484375","-6388.9732421875","-6392.669921875","-6386.671875"
"137","-5870.5708984375","-5900.6806640625","-5853.3134765625","-5982.5322265625","-5985.2578125","-5980.0791015625","-6388.922265625","-6392.5478515625","-6386.666015625"
"138","-5869.719921875","-5899.8759765625","-5852.7158203125","-5981.9255859375","-5984.5908203125","-5979.466796875","-6388.870703125","-6392.42578125","-6386.6591796875"
"139","-5869.2533203125","-5900.6171875","-5852.080078125","-5981.2935546875","-5984.0673828125","-5978.849609375","-6388.8212890625","-6392.306640625","-6386.654296875"
"140","-5868.5951171875","-5900.1142578125","-5851.5048828125","-5980.6822265625","-5983.4541015625","-5978.32421875","-6388.771875","-6392.19140625","-6386.646484375"
"141","-5867.681640625","-5897.9228515625","-5850.8369140625","-5980.073046875","-5982.845703125","-5977.765625","-6388.7236328125","-6392.0732421875","-6386.6416015625"
"142","-5866.905078125","-5898.654296875","-5850.158203125","-5979.450390625","-5982.0458984375","-5977.0830078125","-6388.6765625","-6391.9599609375","-6386.63671875"
"143","-5866.275","-5897.830078125","-5849.6943359375","-5978.8705078125","-5981.5849609375","-5976.4189453125","-6388.6302734375","-6391.8466796875","-6386.6328125"
"144","-5865.20390625","-5896.7568359375","-5848.91015625","-5978.2861328125","-5980.892578125","-5976.0693359375","-6388.5845703125","-6391.734375","-6386.626953125"
"145","-5864.590234375","-5895.4189453125","-5849.462890625","-5977.6986328125","-5980.3134765625","-5975.521484375","-6388.5392578125","-6391.6240234375","-6386.623046875"
"146","-5864.2001953125","-5896.14453125","-5849.7099609375","-5977.10390625","-5979.70703125","-5974.982421875","-6388.4953125","-6391.5166015625","-6386.6181640625"
"147","-5863.90703125","-5895.79296875","-5849.7373046875","-5976.6419921875","-5979.1865234375","-5974.5263671875","-6388.4517578125","-6391.4091796875","-6386.61328125"
"148","-5863.1072265625","-5894.0390625","-5849.1298828125","-5976.062109375","-5978.6240234375","-5973.8798828125","-6388.409375","-6391.3046875","-6386.6083984375"
"149","-5862.628515625","-5894.4697265625","-5848.072265625","-5975.5140625","-5978.0244140625","-5973.4638671875","-6388.3685546875","-6391.203125","-6386.60546875"
"150","-5861.7740234375","-5893.5","-5846.8828125","-5975.0333984375","-5977.48828125","-5972.921875","-6388.3275390625","-6391.1005859375","-6386.6005859375"
"151","-5860.83984375","-5892.38671875","-5846.27734375","-5974.453125","-5976.9130859375","-5972.3955078125","-6388.2875","-6390.998046875","-6386.5966796875"
"152","-5859.8455078125","-5890.970703125","-5845.5126953125","-5974.0068359375","-5976.3984375","-5972.0107421875","-6388.2486328125","-6390.900390625","-6386.591796875"
"153","-5859.2373046875","-5890.69921875","-5845.1181640625","-5973.4703125","-5975.861328125","-5971.5390625","-6388.21015625","-6390.802734375","-6386.5888671875"
"154","-5858.71953125","-5890.341796875","-5844.734375","-5973.012109375","-5975.4697265625","-5971.046875","-6388.172265625","-6390.7060546875","-6386.5849609375"
"155","-5858.2400390625","-5890.2294921875","-5844.02734375","-5972.4701171875","-5974.8486328125","-5970.513671875","-6388.135546875","-6390.611328125","-6386.58203125"
"156","-5857.5701171875","-5889.498046875","-5843.21484375","-5971.990625","-5974.337890625","-5970.1435546875","-6388.0994140625","-6390.5185546875","-6386.578125"
"157","-5856.5615234375","-5885.80859375","-5842.57421875","-5971.54140625","-5973.845703125","-5969.6865234375","-6388.063671875","-6390.4267578125","-6386.57421875"
"158","-5856.507421875","-5887.0693359375","-5841.7373046875","-5971.0544921875","-5973.3779296875","-5969.154296875","-6388.0294921875","-6390.3359375","-6386.572265625"
"159","-5855.8552734375","-5885.908203125","-5841.1591796875","-5970.645703125","-5973.0146484375","-5968.712890625","-6387.9955078125","-6390.2490234375","-6386.568359375"
"160","-5855.1486328125","-5884.861328125","-5840.609375","-5970.187109375","-5972.45703125","-5968.4365234375","-6387.9626953125","-6390.1611328125","-6386.5654296875"
"161","-5854.21640625","-5883.1806640625","-5839.919921875","-5969.775390625","-5971.9677734375","-5968.0810546875","-6387.9306640625","-6390.076171875","-6386.5634765625"
"162","-5853.6037109375","-5883.1396484375","-5839.4775390625","-5969.3103515625","-5971.5830078125","-5967.5341796875","-6387.8982421875","-6389.9892578125","-6386.5595703125"
"163","-5852.85703125","-5882.16015625","-5838.7255859375","-5968.897265625","-5971.119140625","-5967.2314453125","-6387.8671875","-6389.908203125","-6386.5576171875"
"164","-5852.1283203125","-5881.126953125","-5837.990234375","-5968.4890625","-5970.728515625","-5966.8271484375","-6387.8369140625","-6389.826171875","-6386.5537109375"
"165","-5852.3890625","-5879.91796875","-5837.2021484375","-5968.0611328125","-5970.2578125","-5966.419921875","-6387.8072265625","-6389.7451171875","-6386.552734375"
"166","-5852.1109375","-5878.6044921875","-5836.712890625","-5967.63671875","-5969.7724609375","-5966.0390625","-6387.7783203125","-6389.66796875","-6386.5478515625"
"167","-5851.15859375","-5874.591796875","-5836.3740234375","-5967.2296875","-5969.4453125","-5965.6474609375","-6387.7494140625","-6389.5888671875","-6386.546875"
"168","-5851.0431640625","-5875.666015625","-5835.681640625","-5966.883203125","-5969.001953125","-5965.3271484375","-6387.721484375","-6389.513671875","-6386.5439453125"
"169","-5850.348046875","-5874.6201171875","-5835.140625","-5966.4568359375","-5968.4501953125","-5964.953125","-6387.6943359375","-6389.4384765625","-6386.5419921875"
"170","-5849.43203125","-5873.2373046875","-5834.6220703125","-5966.1033203125","-5968.0859375","-5964.6513671875","-6387.6677734375","-6389.36328125","-6386.5400390625"
"171","-5848.618359375","-5871.740234375","-5834.0458984375","-5965.7","-5967.734375","-5964.1611328125","-6387.6412109375","-6389.291015625","-6386.5361328125"
"172","-5848.0970703125","-5870.75","-5833.5029296875","-5965.3318359375","-5967.4150390625","-5963.888671875","-6387.615234375","-6389.220703125","-6386.533203125"
"173","-5847.4751953125","-5869.2216796875","-5832.9599609375","-5964.9376953125","-5967.0107421875","-5963.47265625","-6387.590234375","-6389.1513671875","-6386.5322265625"
"174","-5846.862890625","-5867.6201171875","-5832.470703125","-5964.61015625","-5966.6865234375","-5963.1494140625","-6387.565625","-6389.0810546875","-6386.5302734375"
"175","-5846.2236328125","-5866.337890625","-5831.8857421875","-5964.2513671875","-5966.1767578125","-5962.84765625","-6387.542578125","-6389.013671875","-6386.529296875"
"176","-5845.7236328125","-5864.88671875","-5831.435546875","-5963.8609375","-5965.8935546875","-5962.447265625","-6387.5185546875","-6388.9482421875","-6386.52734375"
"177","-5845.1212890625","-5863.2041015625","-5830.869140625","-5963.513671875","-5965.5263671875","-5962.0712890625","-6387.495703125","-6388.8837890625","-6386.5244140625"
"178","-5844.78828125","-5861.701171875","-5830.33203125","-5963.2251953125","-5965.1630859375","-5961.861328125","-6387.473046875","-6388.8212890625","-6386.5234375"
"179","-5844.6359375","-5860.2509765625","-5829.990234375","-5962.8576171875","-5964.763671875","-5961.5537109375","-6387.451171875","-6388.7568359375","-6386.521484375"
"180","-5844.2294921875","-5858.6396484375","-5829.400390625","-5962.5509765625","-5964.4765625","-5961.25","-6387.42890625","-6388.6962890625","-6386.51953125"
"181","-5842.7109375","-5857.1259765625","-5823.3876953125","-5962.17734375","-5964.052734375","-5960.81640625","-6387.4080078125","-6388.6357421875","-6386.517578125"
"182","-5843.41123046875","-5855.658203125","-5829.28173828125","-5961.908203125","-5963.84375","-5960.59765625","-6387.387109375","-6388.576171875","-6386.5146484375"
"183","-5846.353125","-5854.189453125","-5837.990234375","-5961.5548828125","-5963.5087890625","-5960.2255859375","-6387.367578125","-6388.5205078125","-6386.5146484375"
"184","-5845.66630859375","-5852.603515625","-5837.7861328125","-5961.234375","-5963.0732421875","-5959.92578125","-6387.348046875","-6388.4638671875","-6386.5146484375"
"185","-5844.822265625","-5851.1396484375","-5837.3720703125","-5960.9451171875","-5962.837890625","-5959.6796875","-6387.3275390625","-6388.408203125","-6386.509765625"
"186","-5844.0794921875","-5849.732421875","-5837.0595703125","-5960.619921875","-5962.4560546875","-5959.3701171875","-6387.308984375","-6388.353515625","-6386.509765625"
"187","-5843.50625","-5848.248046875","-5836.70703125","-5960.29140625","-5962.1748046875","-5958.9404296875","-6387.290625","-6388.30078125","-6386.5087890625"
"188","-5842.8263671875","-5846.72265625","-5836.42578125","-5960.059375","-5961.7822265625","-5958.8720703125","-6387.272265625","-6388.2470703125","-6386.5078125"
"189","-5842.5294921875","-5845.4990234375","-5836.19140625","-5959.765234375","-5961.478515625","-5958.5048828125","-6387.2537109375","-6388.1962890625","-6386.505859375"
"190","-5841.88046875","-5845.0458984375","-5835.76953125","-5959.491015625","-5961.134765625","-5958.3232421875","-6387.2365234375","-6388.1484375","-6386.5048828125"
"191","-5841.4603515625","-5845.07421875","-5835.47265625","-5959.182421875","-5960.9296875","-5957.875","-6387.2193359375","-6388.09765625","-6386.501953125"
"192","-5841.05400390625","-5844.62158203125","-5835.1259765625","-5958.8556640625","-5960.6318359375","-5957.603515625","-6387.2021484375","-6388.05078125","-6386.501953125"
"193","-5841.0478515625","-5844.73828125","-5835.03125","-5958.5822265625","-5960.32421875","-5957.400390625","-6387.18515625","-6388.001953125","-6386.5"
"194","-5840.12236328125","-5849.26171875","-5826.82763671875","-5958.3201171875","-5959.982421875","-5957.1640625","-6387.16953125","-6387.95703125","-6386.4990234375"
"195","-5839.799609375","-5849.9541015625","-5825.962890625","-5958.0517578125","-5959.685546875","-5956.90625","-6387.1537109375","-6387.912109375","-6386.498046875"
"196","-5839.1947265625","-5848.8359375","-5825.4521484375","-5957.7884765625","-5959.4091796875","-5956.6416015625","-6387.137890625","-6387.8681640625","-6386.4970703125"
"197","-5838.2376953125","-5846.392578125","-5825.0625","-5957.574609375","-5959.1943359375","-5956.564453125","-6387.1232421875","-6387.82421875","-6386.49609375"
"198","-5837.8083984375","-5846.16796875","-5824.9140625","-5957.2853515625","-5959.0283203125","-5956.103515625","-6387.108203125","-6387.783203125","-6386.4951171875"
"199","-5836.6408203125","-5843.0048828125","-5824.9755859375","-5957.0154296875","-5958.6923828125","-5955.857421875","-6387.0935546875","-6387.7451171875","-6386.4931640625"