"Step","Name: compare_k-512 - Log ZCSMC","Name: compare_k-512 - Log ZCSMC__MIN","Name: compare_k-512 - Log ZCSMC__MAX","Name: compare_k-256 - Log ZCSMC","Name: compare_k-256 - Log ZCSMC__MIN","Name: compare_k-256 - Log ZCSMC__MAX","Name: compare_k-128 - Log ZCSMC","Name: compare_k-128 - Log ZCSMC__MIN","Name: compare_k-128 - Log ZCSMC__MAX","Name: compare_k-64 - Log ZCSMC","Name: compare_k-64 - Log ZCSMC__MIN","Name: compare_k-64 - Log ZCSMC__MAX","Name: compare_k-32 - Log ZCSMC","Name: compare_k-32 - Log ZCSMC__MIN","Name: compare_k-32 - Log ZCSMC__MAX","Name: compare_k-16 - Log ZCSMC","Name: compare_k-16 - Log ZCSMC__MIN","Name: compare_k-16 - Log ZCSMC__MAX"
"0","-6923.220865885417","-7081.3115234375","-6818.53759765625","-6919.106282552083","-7136.458984375","-6638.28564453125","-7177.7158203125","-7679.06787109375","-6808.32666015625","-7156.757161458333","-7518.1494140625","-6828.060546875","-7366.431315104167","-7467.990234375","-7273.2373046875","-7343.729166666667","-7530.57421875","-7154.1533203125"
"1","-6900.94189453125","-7049.40576171875","-6812.4951171875","-6763.984537760417","-6873.22900390625","-6573.7421875","-7004.182291666667","-7146.93505859375","-6899.49609375","-7005.056803385417","-7310.6318359375","-6814.759765625","-7260.634602864583","-7383.09765625","-7147.3369140625","-7438.263020833333","-7777.3505859375","-7182.25048828125"
"2","-6766.000651041667","-6837.0634765625","-6668.783203125","-6612.3896484375","-6775.03125","-6519.7080078125","-6839.561848958333","-7047.6787109375","-6635.53662109375","-6899.763997395833","-7112.427734375","-6723.8935546875","-7256.857584635417","-7410.1982421875","-7055.5185546875","-7170.361002604167","-7288.7958984375","-7052.50830078125"
"3","-6623.588216145833","-6731.19580078125","-6498.296875","-6577.436848958333","-6747.34228515625","-6422.80419921875","-6712.757975260417","-6807.42333984375","-6659.501953125","-6782.932454427083","-7046.22802734375","-6605.36962890625","-7154.2763671875","-7419.80517578125","-6976.12060546875","-7118.297526041667","-7334.80419921875","-6854.95556640625"
"4","-6600.65966796875","-6738.37939453125","-6528.29931640625","-6567.82666015625","-6608.54833984375","-6486.46484375","-6577.471354166667","-6651.31396484375","-6491.65185546875","-6778.208821614583","-6972.9736328125","-6571.36279296875","-7046.411946614583","-7323.2802734375","-6898.4248046875","-7115.67822265625","-7311.298828125","-6943.0390625"
"5","-6441.622721354167","-6508.365234375","-6357.58203125","-6438.288899739583","-6505.6826171875","-6356.61572265625","-6597.935384114583","-6705.84326171875","-6481.3203125","-6659.711751302083","-6884.9755859375","-6504.6552734375","-6941.970703125","-7260.8642578125","-6727.80078125","-7296.293619791667","-7791.03369140625","-6713.5263671875"
"6","-6483.237141927083","-6668.8251953125","-6342.25927734375","-6405.70654296875","-6522.31591796875","-6281.6806640625","-6439.624348958333","-6487.138671875","-6360.1650390625","-6566.101236979167","-6783.5615234375","-6366.40673828125","-6688.262532552083","-6736.28759765625","-6636.771484375","-6838.222819010417","-7003.9658203125","-6707.5302734375"
"7","-6422.985188802083","-6561.77685546875","-6330.3154296875","-6370.133138020833","-6578.1953125","-6144.560546875","-6553.811360677083","-6730.10546875","-6434.8134765625","-6554.000651041667","-6746.021484375","-6334.958984375","-6703.576985677083","-6799.54931640625","-6565.6669921875","-6672.783365885417","-6756.8515625","-6545.9072265625"
"8","-6388.132486979167","-6441.625","-6314.0283203125","-6315.394856770833","-6346.34375","-6291.48828125","-6337.6259765625","-6406.958984375","-6240.689453125","-6427.910319010417","-6641.21435546875","-6316.3955078125","-6646.059733072917","-6786.10205078125","-6509.1416015625","-6723.5517578125","-6834.857421875","-6646.3369140625"
"9","-6275.45751953125","-6298.0517578125","-6255.7509765625","-6287.337239583333","-6331.7236328125","-6247.36865234375","-6286.523274739583","-6303.1259765625","-6267.88916015625","-6452.87548828125","-6655.740234375","-6287.48681640625","-6491.862955729167","-6629.109375","-6381.6171875","-6634.969563802083","-6868.912109375","-6410.224609375"
"10","-6249.31005859375","-6332.43017578125","-6189.3740234375","-6249.939615885417","-6342.0615234375","-6122.44384765625","-6271.06298828125","-6299.685546875","-6234.9892578125","-6343.40283203125","-6576.93408203125","-6207.47998046875","-6603.3095703125","-6816.791015625","-6405.26953125","-6529.241048177083","-6668.3896484375","-6383.70849609375"
"11","-6231.3447265625","-6246.93359375","-6217.22802734375","-6209.86279296875","-6274.5947265625","-6113.4306640625","-6212.755533854167","-6328.5634765625","-6134.716796875","-6449.914876302083","-6578.626953125","-6264.5908203125","-6408.986328125","-6436.4375","-6387.18798828125","-6467.426595052083","-6605.23828125","-6251.4052734375"
"12","-6184.717936197917","-6199.2216796875","-6158.6201171875","-6193.052897135417","-6358.111328125","-6065.55126953125","-6263.32177734375","-6337.87158203125","-6173.3935546875","-6299.4404296875","-6474.98583984375","-6179.38818359375","-6412.509114583333","-6583.9814453125","-6259.6376953125","-6396.39013671875","-6519.2822265625","-6329.93310546875"
"13","-6196.156575520833","-6266.17626953125","-6146.32666015625","-6199.331380208333","-6235.943359375","-6165.1259765625","-6277.712890625","-6522.5234375","-6125.91796875","-6241.196451822917","-6458.322265625","-6065.73388671875","-6299.29345703125","-6330.76904296875","-6282.6064453125","-6295.31396484375","-6338.44189453125","-6269.013671875"
"14","-6111.120442708333","-6134.94677734375","-6091.662109375","-6160.472493489583","-6198.4736328125","-6123.05615234375","-6179.1669921875","-6229.19140625","-6149.23193359375","-6280.69677734375","-6366.05712890625","-6206.822265625","-6371.626627604167","-6566.478515625","-6128.8798828125","-6435.996744791667","-6598.39404296875","-6144.6376953125"
"15","-6106.1611328125","-6152.4873046875","-6081.4267578125","-6059.16064453125","-6107.13427734375","-6007.3271484375","-6169.9609375","-6175.6943359375","-6158.91015625","-6237.344889322917","-6406.17236328125","-6096.0087890625","-6395.125325520833","-6636.53515625","-6267.2275390625","-6268.15380859375","-6358.18017578125","-6163.349609375"
"16","-6104.784505208333","-6175.3720703125","-6068.291015625","-6075.734700520833","-6092.1259765625","-6047.72265625","-6227.65087890625","-6336.70361328125","-6068.76318359375","-6263.127278645833","-6324.546875","-6205.3544921875","-6188.882161458333","-6247.4169921875","-6141.4716796875","-6248.538411458333","-6342.6650390625","-6110.05859375"
"17","-6085.404947916667","-6086.02001953125","-6085.00048828125","-6234.306477864583","-6308.19384765625","-6137.908203125","-6232.3857421875","-6336.814453125","-6112.79296875","-6196.486002604167","-6242.658203125","-6137.20556640625","-6241.9609375","-6308.03125","-6120.6630859375","-6372.0693359375","-6635.9775390625","-6159.77294921875"
"18","-6037.774739583333","-6044.765625","-6032.1728515625","-6053.588704427083","-6135.07373046875","-6010.9365234375","-6121.61181640625","-6161.408203125","-6075.02392578125","-6202.682779947917","-6298.36865234375","-6088.3193359375","-6233.340983072917","-6265.14404296875","-6182.951171875","-6351.969401041667","-6632.5888671875","-6151.03173828125"
"19","-6057.762858072917","-6091.70703125","-6038.49560546875","-6096.158854166667","-6132.83251953125","-6034.53369140625","-6243.8154296875","-6317.79345703125","-6137.96142578125","-6093.804524739583","-6181.58642578125","-6000.42529296875","-6368.154296875","-6716.29150390625","-6173.900390625","-6350.916341145833","-6554.97802734375","-6181.08935546875"
"20","-6065.66748046875","-6151.1748046875","-6020.99560546875","-6046.650390625","-6094.57763671875","-6003.4150390625","-6045.585611979167","-6151.470703125","-5980.4541015625","-6161.205078125","-6315.0078125","-6018.23291015625","-6127.625162760417","-6240.55810546875","-6038.59619140625","-6311.425455729167","-6415.0341796875","-6258.96875"
"21","-6032.897135416667","-6110.408203125","-5985.51123046875","-6051.3271484375","-6085.48779296875","-6009.521484375","-6067.535970052083","-6147.4189453125","-5973.80517578125","-6108.6416015625","-6161.72607421875","-6011.81884765625","-6155.291015625","-6177.564453125","-6126.7880859375","-6405.06298828125","-6642.8974609375","-6224.90185546875"
"22","-6078.341634114583","-6187.224609375","-6003.947265625","-6025.224609375","-6036.576171875","-6004.8583984375","-6137.01123046875","-6203.05615234375","-6033.7333984375","-6119.603678385417","-6151.1943359375","-6093.3544921875","-6212.906412760417","-6309.95556640625","-6124.1962890625","-6218.902018229167","-6265.1025390625","-6140.330078125"
"23","-6004.996256510417","-6037.56640625","-5980.13818359375","-6017.60546875","-6044.95166015625","-5990.25927734375","-6025.576009114583","-6078.21484375","-5987.931640625","-6056.697102864583","-6096.14453125","-6030.107421875","-6317.368326822917","-6382.970703125","-6220.09423828125","-6260.217122395833","-6451.0693359375","-6052.7314453125"
"24","-6045.895670572917","-6081.015625","-5995.646484375","-6073.08837890625","-6099.5439453125","-6046.6328125","-6136.183430989583","-6259.92138671875","-6069.25830078125","-6120.105305989583","-6167.47802734375","-6082.37890625","-6231.139973958333","-6497.2099609375","-6000.02734375","-6265.57373046875","-6637.5205078125","-6077.984375"
"25","-5975.862141927083","-5987.5517578125","-5961.98388671875","-6034.470703125","-6090.49755859375","-5978.44384765625","-6018.372884114583","-6047.90625","-5986.46826171875","-6087.852864583333","-6181.71142578125","-5935.3994140625","-6152.888509114583","-6235.18798828125","-6070.095703125","-6234.102864583333","-6246.955078125","-6209.2021484375"
"26","-6015.388346354167","-6018.3203125","-6010.3056640625","-6002.885009765625","-6046.61572265625","-5959.154296875","-6071.992838541667","-6101.7607421875","-6036.3974609375","-6046.57373046875","-6055.03662109375","-6031.79736328125","-6237.701985677083","-6378.14794921875","-6159.693359375","-6269.83544921875","-6322.63427734375","-6184.6865234375"
"27","-6038.006184895833","-6156.51171875","-5965.8671875","-5979.1025390625","-5990.451171875","-5967.75390625","-6048.445149739583","-6121.5751953125","-5997.92236328125","-6104.008463541667","-6126.130859375","-6066.37890625","-6088.408854166667","-6165.529296875","-6037.650390625","-6464.0234375","-6802.9091796875","-6228.4775390625"
"28","-5992.880533854167","-6011.18017578125","-5968.87109375","-6026.222900390625","-6031.46435546875","-6020.9814453125","-6147.84619140625","-6318.583984375","-6044.41015625","-6136.554524739583","-6195.67919921875","-6021.3642578125","-6219.3076171875","-6340.060546875","-6149.4287109375","-6243.194498697917","-6395.9755859375","-6120.728515625"
"29","-6005.699544270833","-6096.74560546875","-5953.34765625","-6008.07568359375","-6061.6318359375","-5954.51953125","-6047.607747395833","-6134.6728515625","-5946.26806640625","-6029.636555989583","-6070.10791015625","-6004.3271484375","-6107.44189453125","-6137.00537109375","-6056.7724609375","-6197.983723958333","-6286.173828125","-6091.638671875"
"30","-5992.61962890625","-6033.6123046875","-5963.197265625","-5946.759521484375","-5949.14892578125","-5944.3701171875","-6055.11962890625","-6127.9326171875","-5963.95166015625","-6010.030924479167","-6097.48583984375","-5937.89111328125","-6089.98828125","-6127.30078125","-6064.369140625","-6265.0546875","-6332.38525390625","-6172.4228515625"
"31","-6007.167154947917","-6034.98974609375","-5961.4033203125","-6130.012451171875","-6228.2314453125","-6031.79345703125","-6041.358235677083","-6090.658203125","-5960.40380859375","-6065.6572265625","-6205.9140625","-5975.2265625","-6209.746256510417","-6286.0380859375","-6119.7490234375","-6086.75634765625","-6119.64794921875","-6024.62109375"
"32","-6015.75","-6079.65283203125","-5944.78369140625","-6008.941650390625","-6065.13720703125","-5952.74609375","-6052.895670572917","-6109.10888671875","-6006.7060546875","-6025.807291666667","-6058.9462890625","-5959.9765625","-6156.824381510417","-6279.4931640625","-6078.21826171875","-6250.6044921875","-6437.34375","-6040.623046875"
"33","-5984.013671875","-6046.390625","-5952.7490234375","-6066.8662109375","-6137.02685546875","-5996.70556640625","-6013.240885416667","-6090.978515625","-5937.6015625","-6082.336263020833","-6170.251953125","-5992.00634765625","-6251.359537760417","-6467.853515625","-6049.32470703125","-6183.204264322917","-6314.1376953125","-6020.259765625"
"34","-6006.194661458333","-6073.2529296875","-5946.5234375","-5996.600341796875","-6039.33447265625","-5953.8662109375","-6086.919270833333","-6282.84228515625","-5931.4423828125","-6076.208658854167","-6135.8876953125","-6019.75634765625","-6096.809244791667","-6162.8017578125","-6027.0888671875","-6160.216959635417","-6295.42724609375","-6023.2021484375"
"35","-5999.12255859375","-6060.5107421875","-5941.27001953125","-5996.625","-5999.126953125","-5994.123046875","-5988.48974609375","-6034.2734375","-5932.5224609375","-6030.669270833333","-6053.93408203125","-6001.638671875","-6022.288736979167","-6084.4462890625","-5968.2138671875","-6171.979654947917","-6290.13330078125","-6056.8984375"
"36","-5994.16357421875","-6031.4140625","-5971.50244140625","-5996.744384765625","-6052.15869140625","-5941.330078125","-6043.309895833333","-6075.71337890625","-5990.14697265625","-6065.199055989583","-6132.73291015625","-5979.587890625","-6243.364420572917","-6438.302734375","-6109.43896484375","-6237.339518229167","-6466.19970703125","-5970.46484375"
"37","-6008.58740234375","-6099.87060546875","-5945.28125","-5945.62109375","-5950.015625","-5941.2265625","-6004.250162760417","-6126.80224609375","-5935.595703125","-6063.023274739583","-6114.7568359375","-5993.4033203125","-6100.406901041667","-6157.13671875","-6022.771484375","-6304.381998697917","-6460.96337890625","-6136.86376953125"
"38","-6039.069010416667","-6119.955078125","-5931.080078125","-5937.43115234375","-5938.353515625","-5936.5087890625","-6022.86083984375","-6064.37744140625","-5978.224609375","-6056.757161458333","-6181.27392578125","-5970.59765625","-6351.87451171875","-6587.31103515625","-6052.4755859375","-6200.908203125","-6459.005859375","-5985.8251953125"
"39","-5988.24365234375","-6033.67724609375","-5942.56103515625","-5986.906982421875","-6025.658203125","-5948.15576171875","-6066.1259765625","-6229.3701171875","-5926.962890625","-6187.556803385417","-6374.4091796875","-6055.43408203125","-6245.510579427083","-6277.2216796875","-6190.259765625","-6143.230631510417","-6231.6337890625","-6073.4296875"
"40","-5949.653645833333","-5977.28125","-5927.8974609375","-5955.954833984375","-5978.23876953125","-5933.6708984375","-6025.16943359375","-6167.7666015625","-5923.23583984375","-6000.11669921875","-6026.52978515625","-5969.2685546875","-6094.266438802083","-6190.6435546875","-5999.09423828125","-6366.7275390625","-6588.244140625","-6157.56005859375"
"41","-6020.940755208333","-6051.47265625","-5982.552734375","-6039.992431640625","-6051.2294921875","-6028.75537109375","-5989.160970052083","-6034.56201171875","-5945.412109375","-6000.689453125","-6005.34033203125","-5994.53173828125","-6046.405924479167","-6089.767578125","-6001.818359375","-6110.084798177083","-6219.69873046875","-5968.37255859375"
"42","-5969.908040364583","-5976.6201171875","-5960.4853515625","-5991.535888671875","-5996.5","-5986.57177734375","-6035.140299479167","-6179.3759765625","-5934.630859375","-6098.006022135417","-6297.97509765625","-5951.548828125","-6280.51416015625","-6410.1572265625","-6086.4814453125","-6444.186848958333","-6672.22705078125","-6100.42529296875"
"43","-5975.881673177083","-6029.78515625","-5921.15283203125","-5973.72900390625","-6012.34326171875","-5935.11474609375","-6002.672037760417","-6084.2333984375","-5934.84228515625","-6045.246907552083","-6136.45556640625","-5976.7900390625","-6173.145833333333","-6268.173828125","-6121.634765625","-6374.581868489583","-6673.2646484375","-6121.63671875"
"44","-5967.12890625","-5995.6875","-5923.9599609375","-5957.5810546875","-5986.779296875","-5928.3828125","-6026.733561197917","-6047.916015625","-6002.8056640625","-5960.212890625","-6005.7421875","-5926.8701171875","-6145.6513671875","-6248.09912109375","-5997.2646484375","-6072.195963541667","-6192.02587890625","-5971.2080078125"
"45","-5951.51416015625","-5983.91162109375","-5932.939453125","-5945.873046875","-5949.55126953125","-5942.19482421875","-6030.145182291667","-6110.6328125","-5928.1455078125","-6002.918131510417","-6037.0263671875","-5980.0439453125","-6045.675455729167","-6054.67822265625","-6036.79638671875","-6171.469075520833","-6270.2802734375","-6116.9931640625"
"46","-5956.611165364583","-6001.4150390625","-5931.4765625","-5982.811767578125","-5984.6943359375","-5980.92919921875","-5990.58935546875","-6063.0146484375","-5921.3037109375","-6067.74072265625","-6103.927734375","-6047.10546875","-6091.00439453125","-6281.244140625","-5980.6767578125","-6383.192057291667","-6677.58154296875","-6214.85498046875"
"47","-5962.345865885417","-5981.29833984375","-5934.80078125","-5981.68798828125","-5991.07470703125","-5972.30126953125","-6060.47509765625","-6143.509765625","-6016.42822265625","-5961.880045572917","-6015.55419921875","-5934.9736328125","-6128.51708984375","-6268.921875","-6057.74462890625","-6218.585611979167","-6465.53564453125","-6071.26904296875"
"48","-5980.342122395833","-6056.982421875","-5920.5771484375","-5930.442626953125","-5938.587890625","-5922.29736328125","-5972.652669270833","-6011.91357421875","-5937.375","-5991.341145833333","-6025.8193359375","-5968.49853515625","-6190.09228515625","-6434.396484375","-6055.91015625","-6132.4443359375","-6198.60400390625","-6036.60400390625"
"49","-5949.241861979167","-5962","-5929.34765625","-6049.2578125","-6122.4853515625","-5976.0302734375","-5946.057942708333","-5986.4560546875","-5919.4873046875","-6007.173665364583","-6068.7998046875","-5969.68701171875","-6030.621744791667","-6076.22216796875","-5993.33349609375","-6182.62744140625","-6312.427734375","-6082.74609375"
"50","-5938.180501302083","-5962.81201171875","-5918.294921875","-5974.74267578125","-6029.71875","-5919.7666015625","-6035.32421875","-6070.4521484375","-5996.4765625","-5946.383626302083","-5972.931640625","-5931.927734375","-6035.424479166667","-6056.8076171875","-5999.107421875","-6234.05712890625","-6463.0078125","-6048.47900390625"
"51","-5973.306966145833","-6033.4052734375","-5932.14453125","-5946.36181640625","-5975.0654296875","-5917.658203125","-5990.8662109375","-6080.46533203125","-5921.97119140625","-5987.887858072917","-6110.60498046875","-5923.232421875","-6108.126627604167","-6177.708984375","-6027.11669921875","-6333.61572265625","-6653.29736328125","-6056.2578125"
"52","-5926.62890625","-5931.2939453125","-5918.67138671875","-5941.937255859375","-5963.29541015625","-5920.5791015625","-6000.533528645833","-6048.42041015625","-5968.458984375","-5973.773274739583","-6009.08056640625","-5948.06689453125","-6096.212239583333","-6121.43994140625","-6067.626953125","-6107.943196614583","-6215.0693359375","-6053.794921875"
"53","-5968.1455078125","-6014.78759765625","-5929.875","-6027.8076171875","-6126.2783203125","-5929.3369140625","-6002.048828125","-6081.28466796875","-5914.38818359375","-6004.9677734375","-6077.001953125","-5961.31005859375","-6030.462076822917","-6109.00048828125","-5947.59228515625","-6118.97802734375","-6179.900390625","-6086.25244140625"
"54","-5963.324055989583","-6014.9208984375","-5919.45458984375","-5944.540771484375","-5972.7900390625","-5916.29150390625","-6026.28662109375","-6181.3515625","-5928.39794921875","-5950.435872395833","-5979.28515625","-5925.125","-6127.839192708333","-6175.95947265625","-6079.3525390625","-6116.146158854167","-6146.154296875","-6063.29443359375"
"55","-6001.39453125","-6017.69140625","-5970.7392578125","-5980.784423828125","-6006.2705078125","-5955.29833984375","-5973.386393229167","-5993.21875","-5957.06396484375","-6010.558756510417","-6087.49267578125","-5933.46240234375","-6088.257161458333","-6110.021484375","-6063.6494140625","-6163.013346354167","-6404.9140625","-5985.75732421875"
"56","-5951.815592447917","-5993.80078125","-5927.9501953125","-5947.26953125","-5975.134765625","-5919.404296875","-6025.79638671875","-6138.71630859375","-5966.07421875","-6012.0556640625","-6071.6640625","-5965.8388671875","-6084.748860677083","-6112.1416015625","-6057.7412109375","-6206.39697265625","-6346.529296875","-6132.9501953125"
"57","-5959.314453125","-6011.640625","-5927.265625","-5950.044189453125","-5964.828125","-5935.26025390625","-5943.095052083333","-5987.67333984375","-5914.78857421875","-5994.613606770833","-6039.056640625","-5967.41748046875","-6016.3984375","-6043.96630859375","-5979.333984375","-6229.55126953125","-6365.4921875","-6126.91650390625"
"58","-5940.7763671875","-5953.529296875","-5928.7998046875","-5968.386962890625","-5970.25341796875","-5966.5205078125","-5954.846516927083","-6020.6669921875","-5911.4189453125","-5996.1298828125","-6100.42041015625","-5938.93017578125","-6007.808268229167","-6104.38525390625","-5942.4404296875","-6336.756022135417","-6612.0283203125","-6197.81494140625"
"59","-5996.044759114583","-6015.25390625","-5973.0927734375","-5951.193115234375","-5978.90087890625","-5923.4853515625","-5957.58203125","-5965.5791015625","-5946.83935546875","-5963.131184895833","-5988.90625","-5948.5595703125","-6003.01318359375","-6056.7333984375","-5933.2578125","-6343.5712890625","-6662.57666015625","-6173.41259765625"
"60","-5945.298014322917","-5952.73046875","-5931.31982421875","-6039.24462890625","-6065.21875","-6013.2705078125","-6030.953450520833","-6146.9345703125","-5969.677734375","-6070.608072916667","-6161.5673828125","-5959.7333984375","-6099.591796875","-6150.6240234375","-6052.1640625","-6045.368977864583","-6116.94091796875","-6007.8115234375"
"61","-5945.724446614583","-6004.6064453125","-5916.27001953125","-6045.052490234375","-6080.79736328125","-6009.3076171875","-6006.477213541667","-6141.9150390625","-5937.26708984375","-5970.435872395833","-6004.228515625","-5939.0615234375","-6172.47265625","-6516.7412109375","-5999.41796875","-6315.826171875","-6740.7548828125","-6062.919921875"
"62","-5951.199055989583","-5983.54833984375","-5914.1962890625","-5984.183837890625","-6046.38427734375","-5921.9833984375","-5957.78369140625","-6041.69384765625","-5908.494140625","-6014.40576171875","-6103.55224609375","-5969.00341796875","-6006.979817708333","-6070.6083984375","-5947.443359375","-6160.98876953125","-6244.48046875","-6063.83544921875"
"63","-5957.243977864583","-6001.78076171875","-5914.1435546875","-5983.20947265625","-6044.9091796875","-5921.509765625","-5941.972005208333","-5961.36962890625","-5908.26025390625","-5951.1953125","-5969.0751953125","-5926.7978515625","-6135.118977864583","-6203.15234375","-6061.763671875","-6137.5576171875","-6300.26953125","-6004.7626953125"
"64","-5963.517252604167","-5976.10107421875","-5954.84814453125","-5985.4873046875","-5987.94287109375","-5983.03173828125","-5998.323079427083","-6075.04248046875","-5932.962890625","-5984.853190104167","-6040.9208984375","-5930.8505859375","-6078.038736979167","-6176.7802734375","-6004.9169921875","-6338.52685546875","-6562.19140625","-6128.1103515625"
"65","-5943.156087239583","-5957.62255859375","-5920.060546875","-6088.71435546875","-6127.205078125","-6050.2236328125","-5965.421061197917","-5992.07666015625","-5951.99609375","-6040.7373046875","-6150.564453125","-5959.18994140625","-6075.528157552083","-6154.33740234375","-6017.4287109375","-6262.69091796875","-6718.18896484375","-6010.3603515625"
"66","-5933.020670572917","-5950.41796875","-5914.482421875","-5981.045166015625","-5993.841796875","-5968.24853515625","-6010.874674479167","-6131.00390625","-5905.6611328125","-6061.68603515625","-6123.986328125","-5998.68359375","-6099.5927734375","-6212.9111328125","-6037.7861328125","-6134.55908203125","-6316.99072265625","-5981.5771484375"
"67","-5922.833984375","-5933.99658203125","-5914.32275390625","-5979.322998046875","-6004.8671875","-5953.77880859375","-5990.92041015625","-6058.896484375","-5946.5927734375","-5959.835123697917","-5999.4189453125","-5939.17626953125","-6005.283528645833","-6057.2880859375","-5933.21923828125","-6210.806966145833","-6567.23486328125","-6015.46435546875"
"68","-5972.064290364583","-5982.140625","-5952.5546875","-5981.52880859375","-6021.01171875","-5942.0458984375","-5961.248697916667","-6026.40576171875","-5907.78662109375","-6076.84326171875","-6309.77978515625","-5915.46826171875","-6071.024576822917","-6123.59375","-6024.29541015625","-6083.49755859375","-6176.7294921875","-5967.884765625"
"69","-5952.62646484375","-5972.65283203125","-5934.59765625","-5922.572265625","-5927.345703125","-5917.798828125","-5950.056640625","-5982.0048828125","-5908.32080078125","-5953.734375","-5981.486328125","-5929.0458984375","-6021.495442708333","-6057.98486328125","-5968.89404296875","-6194.44775390625","-6416.5419921875","-6081.3876953125"
"70","-5981.87353515625","-6022.2099609375","-5913.06787109375","-5948.35107421875","-5983.6689453125","-5913.033203125","-5955.358072916667","-5995.62158203125","-5909.4921875","-6017.107747395833","-6171.078125","-5934.34765625","-6059.987955729167","-6203.35302734375","-5978.1240234375","-6096.0498046875","-6167.048828125","-6034.47265625"
"71","-5953.3994140625","-6005.181640625","-5919.763671875","-5941.38330078125","-5971.216796875","-5911.5498046875","-5940.766276041667","-5972.19091796875","-5909.9921875","-5999.780436197917","-6039.1796875","-5956.951171875","-6211.98828125","-6367.3994140625","-6097.0791015625","-6483.635091145833","-6699.4150390625","-6261.38720703125"
"72","-5954.506998697917","-5976.17578125","-5914.46142578125","-5985.080078125","-6051.2177734375","-5918.9423828125","-5986.428385416667","-6039.81640625","-5941.98828125","-5978.268229166667","-5985.2841796875","-5965.5693359375","-6093.228678385417","-6229.8740234375","-5996.015625","-6102.164225260417","-6222.9306640625","-6034.72216796875"
"73","-5923.262858072917","-5931.2763671875","-5912.73974609375","-5993.33544921875","-6034.30859375","-5952.3623046875","-5988.109700520833","-6074.87255859375","-5938.76123046875","-5999.821126302083","-6062.3916015625","-5947.6875","-6070.341634114583","-6147.27001953125","-5938.9765625","-6183.283854166667","-6317.97265625","-6050.27587890625"
"74","-5950.807291666667","-5986.5869140625","-5926.755859375","-5971.063232421875","-5974.91552734375","-5967.2109375","-5971.4462890625","-6088.2294921875","-5910.97119140625","-6015.682779947917","-6099.435546875","-5931.951171875","-6073.988932291667","-6233.8203125","-5974.3369140625","-6371.42431640625","-6528.001953125","-6108.119140625"
"75","-5972.543131510417","-6039.05908203125","-5931.06640625","-6090.95751953125","-6235.330078125","-5946.5849609375","-5994.008463541667","-6093.53759765625","-5912.46728515625","-5982.662272135417","-6036.40234375","-5916.86572265625","-6061.42529296875","-6162.34912109375","-6005.34814453125","-6252.323893229167","-6602.60986328125","-6053.6494140625"
"76","-5930.239908854167","-5944.11572265625","-5920.32666015625","-5952.79150390625","-5958.8203125","-5946.7626953125","-5944.005208333333","-6010.35302734375","-5906.6962890625","-6046.557454427083","-6203.6396484375","-5955.599609375","-6167.181803385417","-6450.76904296875","-5993.4267578125","-6059.921549479167","-6176.6279296875","-5974.80322265625"
"77","-6049.105305989583","-6141.74462890625","-5926.61767578125","-5965.624267578125","-6004.9560546875","-5926.29248046875","-5919.442057291667","-5933.9423828125","-5910.10986328125","-5994.064453125","-6109.90087890625","-5931.2744140625","-6044.763997395833","-6099.1259765625","-5945.2548828125","-6021.216634114583","-6068.72412109375","-5933.48583984375"
"78","-5916.911458333333","-5932.5576171875","-5907.6552734375","-5916.8076171875","-5921.8720703125","-5911.7431640625","-5965.418782552083","-5989.0673828125","-5934.154296875","-6009.578287760417","-6047.77880859375","-5974.8388671875","-6115.569010416667","-6234.10546875","-6033.71533203125","-6153.596516927083","-6186.51171875","-6105.58740234375"
"79","-6008.611653645833","-6043.859375","-5971.0107421875","-5912.883544921875","-5914.88232421875","-5910.884765625","-5984.504069010417","-6030.154296875","-5909.40966796875","-6123.966634114583","-6268.27734375","-6027.4306640625","-6079.265299479167","-6145.23779296875","-5989.703125","-6335.465006510417","-6458.58447265625","-6195.998046875"
"80","-5919.9111328125","-5942.4677734375","-5904.39013671875","-5958.20849609375","-5972.583984375","-5943.8330078125","-5930.389322916667","-5945.0166015625","-5910.865234375","-5985.609212239583","-6010.67529296875","-5945.869140625","-6098.655436197917","-6128.38818359375","-6064.09375","-6102.854654947917","-6189.7119140625","-6033.03466796875"
"81","-5921.604166666667","-5947.759765625","-5905.1826171875","-5916.17919921875","-5923.96142578125","-5908.39697265625","-5939.824381510417","-5948.52099609375","-5925.5458984375","-5997.53125","-6015.787109375","-5976.998046875","-6020.847819010417","-6095.802734375","-5966.9150390625","-6260.672200520833","-6523.0029296875","-6039.6669921875"
"82","-5933.282552083333","-5953.6455078125","-5923.099609375","-5926.71044921875","-5941.25390625","-5912.1669921875","-5978.1767578125","-6003.64501953125","-5947.55859375","-5971.4892578125","-5977.79833984375","-5959.74560546875","-6014.789713541667","-6144.31201171875","-5920.23193359375","-6198.149739583333","-6266.73681640625","-6112.07421875"
"83","-5962.450520833333","-6005.06689453125","-5899.98583984375","-5988.286865234375","-6031.40185546875","-5945.171875","-5983.05810546875","-6004.203125","-5961.5908203125","-6052.457845052083","-6222.14990234375","-5906.609375","-6156.73388671875","-6226.04345703125","-6099.11669921875","-6383.383626302083","-6695.5029296875","-6027.5927734375"
"84","-5956.353352864583","-5985.64892578125","-5922.2294921875","-5955.72216796875","-5998.65625","-5912.7880859375","-5931.18408203125","-5966.0419921875","-5898.79443359375","-5999.380533854167","-6016.171875","-5979.1640625","-6025.740559895833","-6081.240234375","-5989.52587890625","-6150.25048828125","-6280.8681640625","-5988.3349609375"
"85","-5920.254069010417","-5940.16796875","-5909.09716796875","-6034.868408203125","-6038.4150390625","-6031.32177734375","-6004.7802734375","-6098.9189453125","-5931.52734375","-5957.96875","-5973.6513671875","-5933.533203125","-6026.134928385417","-6076.23388671875","-5996.3818359375","-6361.986979166667","-6589.54296875","-6029.154296875"
"86","-5961.619791666667","-5995.81640625","-5915.0791015625","-5942.019287109375","-5968.42626953125","-5915.6123046875","-6032.5029296875","-6129.33642578125","-5951.3203125","-5977.9677734375","-5998.18603515625","-5953.4912109375","-6056.5390625","-6146.8017578125","-5984.1875","-6309.707356770833","-6574.419921875","-6025.59765625"
"87","-5929.60986328125","-5966.73828125","-5896.13720703125","-5996.955078125","-6024.236328125","-5969.673828125","-5983.88720703125","-6024.30029296875","-5933.7431640625","-6023.900553385417","-6058.88330078125","-5974.7763671875","-6057.488118489583","-6130.115234375","-5954.287109375","-6188.65625","-6445.79052734375","-6055.8623046875"
"88","-5950.90576171875","-5984.65771484375","-5928.61767578125","-5912.818603515625","-5923.951171875","-5901.68603515625","-5980.582356770833","-6013.0810546875","-5934.1015625","-5983.939127604167","-6025.95361328125","-5955.4052734375","-6061.3671875","-6088.1708984375","-6043.220703125","-6061.759440104167","-6135.28173828125","-6002.59130859375"
"89","-5933.684244791667","-5964.7373046875","-5897.6474609375","-5937.048828125","-5958.34765625","-5915.75","-5938.775227864583","-5977.392578125","-5911.0546875","-6105.905924479167","-6263.794921875","-5949.27734375","-6263.264322916667","-6428.5087890625","-6005.1337890625","-6194.9130859375","-6538.974609375","-6017.1806640625"
"90","-5932.16650390625","-5936.8564453125","-5928.923828125","-5971.425537109375","-5979.7080078125","-5963.14306640625","-6010.3076171875","-6123.310546875","-5897.3046875","-5991.366861979167","-6036.904296875","-5953.4013671875","-6175.890950520833","-6270.8642578125","-6018.47265625","-6123.9501953125","-6165.365234375","-6098.876953125"
"91","-5926.224772135417","-5976.26025390625","-5891.7890625","-5905.690185546875","-5910.89990234375","-5900.48046875","-5988.98583984375","-6045.6708984375","-5932.30078125","-5960.98046875","-5971.2626953125","-5940.662109375","-6227.827799479167","-6431.943359375","-6122.4443359375","-6039.642740885417","-6064.00390625","-5994.50390625"
"92","-5932.388834635417","-5963.3515625","-5890.359375","-6088.348388671875","-6095.9560546875","-6080.74072265625","-5987.1259765625","-6076.51953125","-5897.732421875","-5977.264973958333","-6049.4892578125","-5933.7607421875","-6018.825520833333","-6086.08447265625","-5964.21533203125","-6250.924479166667","-6392.9072265625","-6036.169921875"
"93","-6006.045735677083","-6059.12890625","-5970.65478515625","-5927.973388671875","-5946.01025390625","-5909.9365234375","-5943.44482421875","-5948.54296875","-5938.3466796875","-6001.172526041667","-6028.3623046875","-5963.6630859375","-6061.965006510417","-6110.462890625","-6010.15087890625","-6428.8251953125","-6649.80078125","-6137.197265625"
"94","-5914.793782552083","-5940.77490234375","-5890.11474609375","-5930.443196614583","-5947.0009765625","-5912.3681640625","-5941.19775390625","-5957.4501953125","-5924.9453125","-5987.237955729167","-6041.294921875","-5947.140625","-5996.94482421875","-6059.7626953125","-5955.3740234375","-6156.9443359375","-6262.6640625","-6078.10498046875"
"95","-5960.32177734375","-6005.14404296875","-5887.57421875","-5904.236653645833","-5910.26171875","-5895.986328125","-5964.4814453125","-5993.7265625","-5935.236328125","-5954.995279947917","-5961.1337890625","-5945.38525390625","-6113.126302083333","-6230.44140625","-5992.95263671875","-6262.55029296875","-6487.7275390625","-6021.62841796875"
"96","-5907.377278645833","-5921.9111328125","-5889.60595703125","-5994.797037760417","-6179.96630859375","-5859.4794921875","-5953.941162109375","-5970.66552734375","-5937.216796875","-6026.251790364583","-6120.39990234375","-5960.322265625","-6081.2587890625","-6167.4296875","-5980.3828125","-6182.518229166667","-6363.630859375","-6032.1416015625"
"97","-6008.012858072917","-6079.7158203125","-5909.07568359375","-5908.171712239583","-5965.025390625","-5856.2080078125","-5983.16064453125","-5990.90234375","-5975.4189453125","-5904.3720703125","-5910.84423828125","-5898.326171875","-6070.715006510417","-6213.2529296875","-5956.98583984375","-6168.86962890625","-6220.28515625","-6071.86865234375"
"98","-5948.294596354167","-5970.357421875","-5914.0947265625","-6025.592447916667","-6148.9052734375","-5955.0693359375","-5985.717529296875","-5986.19384765625","-5985.2412109375","-5977.225423177083","-6041.3125","-5941.85009765625","-5993.40478515625","-6004.37255859375","-5983.3759765625","-6102.28955078125","-6245.40478515625","-6005.357421875"
"99","-5944.463053385417","-6012.70458984375","-5884.2236328125","-5952.271809895833","-5992.63671875","-5890.7861328125","-5963.62353515625","-5968.330078125","-5958.9169921875","-5954.750651041667","-5992.8896484375","-5900.45703125","-6061.180013020833","-6312.2724609375","-5929.736328125","-6173.827799479167","-6363.806640625","-5968.4833984375"
"100","-5969.720377604167","-6015.5771484375","-5943.4248046875","-5906.621744791667","-5911.146484375","-5899.669921875","-5987.715576171875","-6043.52197265625","-5931.9091796875","-5993.024739583333","-6054.5087890625","-5912.7080078125","-6067.240885416667","-6100.12890625","-6050.09375","-6280.673828125","-6536.5869140625","-6108.4677734375"
"101","-5937.0673828125","-5968.7802734375","-5907.06640625","-5904.5771484375","-5966.947265625","-5848.68115234375","-5985.734619140625","-6016.52734375","-5954.94189453125","-5949.673990885417","-5976.4150390625","-5929.94677734375","-6036.859049479167","-6066.52685546875","-6000.35400390625","-6488.957845052083","-6689.44189453125","-6093.2138671875"
"102","-5935.73779296875","-5974.064453125","-5908.9111328125","-5911.43505859375","-5953.28271484375","-5883.69091796875","-6008.929443359375","-6043.35791015625","-5974.5009765625","-5946.566080729167","-5981.7294921875","-5908.68896484375","-6026.773111979167","-6189.818359375","-5914.9111328125","-6061.036295572917","-6161.236328125","-5993.171875"
"103","-5922.050618489583","-5953.1650390625","-5904.17431640625","-5898.461751302083","-5952.302734375","-5841.1318359375","-5994.5517578125","-6004.8681640625","-5984.2353515625","-5986.681640625","-6072.6337890625","-5908.80419921875","-6149.884765625","-6179.423828125","-6107.185546875","-6208.319986979167","-6314.318359375","-6108.05419921875"
"104","-5952.021158854167","-5996.111328125","-5925.7587890625","-5904.828125","-5954.33740234375","-5845.5703125","-5973.957763671875","-6021.60009765625","-5926.3154296875","-5955.175618489583","-5999.58837890625","-5904.564453125","-6028.35205078125","-6105.48095703125","-5985.9658203125","-6329.70068359375","-6429.4013671875","-6224.84326171875"
"105","-5930.42041015625","-5964.7646484375","-5879.0595703125","-5903.37353515625","-5931.3759765625","-5872.97509765625","-5925.550048828125","-5930.16943359375","-5920.9306640625","-5971.85009765625","-6046.9091796875","-5897.7939453125","-6106.81591796875","-6229.5615234375","-5930.46826171875","-6081.29248046875","-6190.63525390625","-5921.78369140625"
"106","-5977.71044921875","-6117.40234375","-5905.8134765625","-5901.872395833333","-5951.61474609375","-5842.3984375","-6036.13916015625","-6066.099609375","-6006.1787109375","-5981.793294270833","-6028.3896484375","-5933.4619140625","-6009.52490234375","-6032.67578125","-5996.58984375","-6198.951822916667","-6447.8232421875","-6056.52685546875"
"107","-5923.5908203125","-5962.30029296875","-5899.16064453125","-5937.1484375","-6030.578125","-5866.98095703125","-6070.60595703125","-6189.27734375","-5951.9345703125","-6037.192057291667","-6073.7060546875","-6009.05224609375","-6036.835774739583","-6081.5537109375","-5975.4599609375","-6280.185872395833","-6466.177734375","-6020.7626953125"
"108","-5911.357259114583","-5944.8427734375","-5867.27294921875","-5978.729166666667","-6023.5654296875","-5946.2001953125","-5904.7529296875","-5926.423828125","-5883.08203125","-5983.231770833333","-6064.04931640625","-5911.3349609375","-6005.693033854167","-6056.9091796875","-5955.279296875","-6149.135416666667","-6239.185546875","-6061.033203125"
"109","-5955.783528645833","-6005.44287109375","-5913.73583984375","-5939.480143229167","-6093.7802734375","-5835.6328125","-5935.177001953125","-5973.9970703125","-5896.35693359375","-5984.078450520833","-6123.15869140625","-5901.419921875","-6080.26220703125","-6136.0625","-5988.8359375","-6223.20947265625","-6364.5791015625","-6101.33935546875"
"110","-5954.841959635417","-6004.01513671875","-5864.9248046875","-5903.262369791667","-5962.65625","-5860.63330078125","-5913.734619140625","-5919.24853515625","-5908.220703125","-5940.264973958333","-5976.7431640625","-5885.0673828125","-6050.015950520833","-6092.52978515625","-6015.6796875","-6064.13623046875","-6098.6962890625","-6032.13671875"
"111","-5948.5859375","-5981.365234375","-5903.0224609375","-6016.0302734375","-6091.3857421875","-5950.26953125","-5921.257080078125","-5949.91259765625","-5892.6015625","-6036.957356770833","-6094.775390625","-5983.08203125","-6110.723307291667","-6274.90966796875","-6019.4638671875","-6225.855794270833","-6482.78515625","-6067.0009765625"
"112","-5971.588541666667","-6019.673828125","-5929.876953125","-5889.739095052083","-5922.55517578125","-5834.328125","-5953.869384765625","-5975.86865234375","-5931.8701171875","-5926.830403645833","-5950.4033203125","-5909.3935546875","-6040.09228515625","-6068.1259765625","-5987.12890625","-6154.412923177083","-6191.892578125","-6095.81005859375"
"113","-5930.37109375","-5984.962890625","-5898.6943359375","-5905.106608072917","-5930.35498046875","-5876.6416015625","-6082.44384765625","-6288.873046875","-5876.0146484375","-5925.967447916667","-5966.53125","-5888.5068359375","-6027.60693359375","-6059.359375","-6009.02783203125","-6068.97021484375","-6110.228515625","-6010.82666015625"
"114","-5982.086263020833","-6114.07958984375","-5916.08251953125","-5881.289388020833","-5908.171875","-5862.31103515625","-5935.92822265625","-5970.57177734375","-5901.28466796875","-5996.182942708333","-6062.53125","-5942.5322265625","-6271.763509114583","-6480.2802734375","-6045.6767578125","-6359.7841796875","-6407.23486328125","-6274.4267578125"
"115","-5949.988932291667","-5989.89697265625","-5888.216796875","-5900.335286458333","-5992.28955078125","-5831.3515625","-5893.189697265625","-5918.78173828125","-5867.59765625","-5992.06298828125","-6015.9296875","-5964.41943359375","-5967.68505859375","-5991.25537109375","-5929.25732421875","-6094.224283854167","-6177.154296875","-6017.16845703125"
"116","-5956.388997395833","-6011.0185546875","-5926.1318359375","-5894.53076171875","-5918.59814453125","-5854.7158203125","-5939.060791015625","-5948.79931640625","-5929.322265625","-5904.083821614583","-5919.05810546875","-5882.072265625","-6081.5732421875","-6148.63671875","-6008.751953125","-6130.458658854167","-6156.14697265625","-6097.9677734375"
"117","-5902.377115885417","-5936.82861328125","-5863.47705078125","-5898.810546875","-5946.3564453125","-5828.4052734375","-5922.797119140625","-5929.69287109375","-5915.9013671875","-5960.884114583333","-5967.857421875","-5952.9658203125","-6121.237955729167","-6267.4833984375","-5963.9560546875","-6324.110677083333","-6670.4873046875","-6000.4775390625"
"118","-5908.652018229167","-5962.82568359375","-5854.37841796875","-5901.101806640625","-5906.85205078125","-5895.3515625","-5932.94091796875","-5989.392578125","-5876.4892578125","-5930.344075520833","-5961.39111328125","-5869.13037109375","-6110.220377604167","-6157.79833984375","-6038.64306640625","-6164.0078125","-6285.16015625","-6020.83349609375"
"119","-6018.91162109375","-6161.630859375","-5936.0048828125","-5922.28955078125","-5996.197265625","-5848.3818359375","-6031.35205078125","-6044.8115234375","-6017.892578125","-5939.235677083333","-5998.2548828125","-5907.236328125","-6032.740397135417","-6105.3837890625","-5967.4716796875","-6117.131510416667","-6194.7373046875","-6001.42431640625"
"120","-5934.768391927083","-5975.421875","-5904.251953125","-5894.20654296875","-5906.4140625","-5881.9990234375","-5916.147705078125","-5926.4287109375","-5905.86669921875","-5951.414876302083","-6077.3388671875","-5883.24951171875","-5989.27490234375","-6013.9794921875","-5965.974609375","-6150.540364583333","-6400.5390625","-6012.6650390625"
"121","-5926.851236979167","-5941.869140625","-5918.3564453125","-5883.11865234375","-5922.7734375","-5843.4638671875","-5997.854248046875","-6040.45068359375","-5955.2578125","-6000.695638020833","-6061.421875","-5890.6552734375","-6020.216796875","-6125.814453125","-5947.775390625","-6015.147298177083","-6119.734375","-5929.58154296875"
"122","-5979.652669270833","-6022.697265625","-5947.328125","-5902.427734375","-5963.54931640625","-5841.30615234375","-5973.70263671875","-6037.35009765625","-5910.05517578125","-5941.03564453125","-6000.4638671875","-5888.19677734375","-6086.23876953125","-6271.1435546875","-5988.85986328125","-6240.63720703125","-6345.3486328125","-6136.39892578125"
"123","-5960.569010416667","-6039.7373046875","-5904.509765625","-5904.772216796875","-5905.5361328125","-5904.00830078125","-5947.184326171875","-5971.0390625","-5923.32958984375","-6008.39599609375","-6075.08837890625","-5965.81640625","-6006.579752604167","-6033.62841796875","-5984.87451171875","-6223.55859375","-6386.9208984375","-6058.453125"
"124","-5962.601399739583","-6025.5849609375","-5890.0234375","-5914.29150390625","-5937.8857421875","-5890.697265625","-5954.757568359375","-5987.89453125","-5921.62060546875","-5930.122721354167","-6003.56640625","-5874.6982421875","-6037.008138020833","-6133.3310546875","-5977.91796875","-6212.5693359375","-6406.9326171875","-6047.6298828125"
"125","-5939.394205729167","-6064.16455078125","-5850.9189453125","-5926.09033203125","-5956.0078125","-5896.1728515625","-6080.420166015625","-6162.41455078125","-5998.42578125","-5973.348795572917","-6050.38134765625","-5870.0947265625","-6035.244140625","-6219.69189453125","-5930.8857421875","-6182.165364583333","-6380.98828125","-6013.025390625"
"126","-5924.2880859375","-5933.4248046875","-5913.07666015625","-5868.37451171875","-5904.56787109375","-5832.18115234375","-5996.1416015625","-6045.951171875","-5946.33203125","-5967.288248697917","-6042.072265625","-5906.62109375","-5996.3193359375","-6085.93115234375","-5937.82666015625","-6097.863118489583","-6174.849609375","-6023.015625"
"127","-5915.250651041667","-5957.5927734375","-5855.4580078125","-5946.00341796875","-5986.5908203125","-5905.416015625","-6010.939453125","-6079.46142578125","-5942.41748046875","-5919.70556640625","-5968.76220703125","-5891.23779296875","-6115.27978515625","-6344.57958984375","-5972.96875","-6281.89453125","-6394.67578125","-6070.3408203125"
"128","-5939.016438802083","-5967.51416015625","-5910.93115234375","-5962.66455078125","-6023.93212890625","-5901.39697265625","-6059.26416015625","-6063.0615234375","-6055.466796875","-5958.797526041667","-6052.35693359375","-5892.22900390625","-6084.479817708333","-6189.46044921875","-5982.63623046875","-6102.981770833333","-6274.2138671875","-5974.50439453125"
"129","-5919.027994791667","-5958.66943359375","-5878.05078125","-5908.300048828125","-5949.177734375","-5867.42236328125","-5910.5595703125","-5957.03125","-5864.087890625","-5930.927083333333","-5972.1826171875","-5904.5869140625","-6078.887532552083","-6150.310546875","-6031.212890625","-6233.383626302083","-6626.0947265625","-6016.359375"
"130","-5888.022786458333","-5909.140625","-5849.1865234375","-6004.628662109375","-6185.3076171875","-5823.94970703125","-5912.939208984375","-5927.97900390625","-5897.8994140625","-5953.870768229167","-6048.67529296875","-5889.98388671875","-6082.72216796875","-6100.4462890625","-6065.07470703125","-6314.66845703125","-6361.33642578125","-6251.884765625"
"131","-5888.33447265625","-5908.546875","-5850.24853515625","-5886.296630859375","-5948.203125","-5824.39013671875","-6009.564697265625","-6059.76220703125","-5959.3671875","-5994.52880859375","-6016.75390625","-5974.17041015625","-6033.435384114583","-6096.96875","-5934.19921875","-6101.812662760417","-6149.79296875","-6008.6357421875"
"132","-5975.76318359375","-6054.2744140625","-5931.67236328125","-5867.604736328125","-5902.0654296875","-5833.14404296875","-5994.117431640625","-6040.0712890625","-5948.16357421875","-5950.9990234375","-6011.71630859375","-5888.25439453125","-5990.45703125","-6057.78076171875","-5926.6494140625","-6356.060872395833","-6544.17578125","-6117.0400390625"
"133","-5993.076334635417","-6172.83203125","-5847.482421875","-5864.74951171875","-5904.2724609375","-5825.2265625","-5932.400390625","-5938.4814453125","-5926.3193359375","-6030.1318359375","-6123.12548828125","-5880.7373046875","-6004.822428385417","-6032.8271484375","-5973.28125","-6217.652180989583","-6653.771484375","-5982.5517578125"
"134","-5941.045572916667","-5993.6533203125","-5906.9912109375","-5926.98193359375","-5988.8779296875","-5865.0859375","-5919.3544921875","-5980.82421875","-5857.884765625","-6037.6025390625","-6128.0673828125","-5945.478515625","-6115.9296875","-6334.1640625","-5966.396484375","-6283.638834635417","-6482.79150390625","-5948.1767578125"
"135","-5899.443033854167","-5942.212890625","-5845.673828125","-5878.00244140625","-5933.751953125","-5822.2529296875","-5907.828857421875","-5916.21142578125","-5899.4462890625","-6050.993326822917","-6156.47412109375","-5945.25634765625","-6099.860026041667","-6294.6904296875","-5986.1103515625","-6105.905924479167","-6228.27734375","-6043.78125"
"136","-6035.363932291667","-6327.98291015625","-5847.8427734375","-5882.2119140625","-5903.1279296875","-5861.2958984375","-5938.6171875","-6020.615234375","-5856.619140625","-6028.159016927083","-6136.9375","-5945.29541015625","-6125.84521484375","-6382.0615234375","-5948.77587890625","-6452.605143229167","-6543.2587890625","-6346.6240234375"
"137","-5890.812825520833","-5906.443359375","-5868.1552734375","-5894.7158203125","-5900.005859375","-5889.42578125","-5934.989013671875","-5962.5419921875","-5907.43603515625","-5997.547688802083","-6113.0966796875","-5899.81591796875","-6090.27392578125","-6264.86865234375","-5972.0986328125","-6048.72216796875","-6134.337890625","-5996.462890625"
"138","-5906.671712239583","-5969.515625","-5845.72802734375","-5872.533203125","-5903.912109375","-5841.154296875","-5912.912841796875","-5928.130859375","-5897.69482421875","-5963.936360677083","-6023.111328125","-5872.70166015625","-6163.46875","-6242.17822265625","-6044.9033203125","-6315.7666015625","-6449.25390625","-6212.7958984375"
"139","-5933.567708333333","-5993.33642578125","-5846.16357421875","-5955.480712890625","-6026.76611328125","-5884.1953125","-5927.083251953125","-5927.46533203125","-5926.701171875","-5996.616048177083","-6043.3525390625","-5949.02197265625","-5995.319173177083","-6019.767578125","-5970.06103515625","-6463.617024739583","-6700.01708984375","-6094.0126953125"
"140","-5947.872721354167","-6083.330078125","-5842.724609375","-5868.631591796875","-5913.32177734375","-5823.94140625","-5956.84033203125","-5976.3193359375","-5937.361328125","-5996.668294270833","-6037.34423828125","-5933.13427734375","-6016.93798828125","-6198.40625","-5925.7138671875","-6111.515625","-6173.00634765625","-6045.294921875"
"141","-5973.480305989583","-6066.47412109375","-5881.822265625","-5903.57080078125","-5975.314453125","-5833.6708984375","-6031.5263671875","-6041.46533203125","-6021.58740234375","-5928.37890625","-5961.375","-5885.20166015625","-6021.548665364583","-6057.169921875","-5960.8408203125","-6097.48046875","-6189.3212890625","-5987.06591796875"
"142","-5944.46923828125","-5979.396484375","-5916.3408203125","-5868.013509114583","-5912.63671875","-5818.6611328125","-5924.24560546875","-5939.6708984375","-5908.8203125","-5974.32470703125","-5993.5908203125","-5962.8876953125","-6071.9345703125","-6205.9677734375","-5915.7392578125","-6337.856119791667","-6580.75537109375","-6106.9453125"
"143","-5892.456380208333","-5941.3564453125","-5839.43505859375","-5879.5126953125","-5902.0986328125","-5835.2373046875","-6093.493408203125","-6175.201171875","-6011.78564453125","-5969.837076822917","-6066.453125","-5887.2587890625","-5993.301106770833","-6043.14111328125","-5928.2900390625","-6261.272786458333","-6434.38525390625","-6022.8798828125"
"144","-5900.385091145833","-5905.36572265625","-5896.65087890625","-5892.466959635417","-5927.20703125","-5838.8154296875","-5982.875","-6053.1689453125","-5912.5810546875","-6014.34765625","-6049.5400390625","-5946.47412109375","-6058.411946614583","-6182.072265625","-5949.05517578125","-6101.914225260417","-6200.37646484375","-6051.92041015625"
"145","-5945.862955729167","-6042.40283203125","-5886.37939453125","-5927.32763671875","-6066.0869140625","-5855.4228515625","-5939.36279296875","-5985.2705078125","-5893.455078125","-5957.192057291667","-6008.45703125","-5909.6962890625","-6003.50146484375","-6010.24853515625","-5995.57763671875","-6401.725423177083","-6749.14208984375","-6116.6513671875"
"146","-5885.647623697917","-5922.74658203125","-5836.775390625","-5927.59423828125","-5959.337890625","-5888.2626953125","-6037.796142578125","-6112.6728515625","-5962.91943359375","-5976.796223958333","-5990.6142578125","-5967.30712890625","-6091.19482421875","-6277.337890625","-5987.8916015625","-6077.5390625","-6168.755859375","-5930.298828125"
"147","-5979.29150390625","-6031.5654296875","-5921.4873046875","-5893.951822916667","-5902.09716796875","-5886.8408203125","-5940.43896484375","-5968.85546875","-5912.0224609375","-5961.038411458333","-6000.3544921875","-5936.9921875","-6182.509602864583","-6310.6201171875","-6008.529296875","-6211.11181640625","-6536.4462890625","-5996.693359375"
"148","-5982.379557291667","-6032.3876953125","-5947.42529296875","-5903.41748046875","-5943.28076171875","-5842.65771484375","-5977.525634765625","-6034.64453125","-5920.40673828125","-5950.009114583333","-6006.6650390625","-5880.3251953125","-6004.571614583333","-6030.087890625","-5984.64794921875","-6275.990397135417","-6330.42431640625","-6239.6455078125"
"149","-5928.615559895833","-5952.8818359375","-5906.4853515625","-5898.30859375","-5903.29052734375","-5894.03955078125","-5879.620361328125","-5899.0009765625","-5860.23974609375","-5942.039388020833","-6098.9755859375","-5851.046875","-5974.139322916667","-6138.5634765625","-5887.7705078125","-6303.792805989583","-6853.310546875","-6006.8544921875"
"150","-5938.023111979167","-5979.4375","-5885.25244140625","-5893.670084635417","-5941.025390625","-5822.86376953125","-5951.23388671875","-5962.96923828125","-5939.49853515625","-5976.0732421875","-5989.5283203125","-5953.08447265625","-5966.8212890625","-5978.3046875","-5950.4853515625","-6125.004069010417","-6255.28125","-6042.85400390625"
"151","-5918.957356770833","-6028.3779296875","-5835.77783203125","-5904.949055989583","-5993.02001953125","-5839.23828125","-5919.350341796875","-5950.1806640625","-5888.52001953125","-6001.72021484375","-6117.921875","-5884.66162109375","-6030.629557291667","-6214.9072265625","-5880.8916015625","-6077.149251302083","-6091.26806640625","-6059.97607421875"
"152","-5910.524088541667","-5912.99609375","-5908.18359375","-5907.097981770833","-5957.51220703125","-5859.33056640625","-5919.42822265625","-5947.6416015625","-5891.21484375","-6023.366536458333","-6239.49951171875","-5880.15771484375","-6017.34130859375","-6145.1181640625","-5951.74267578125","-6047.751953125","-6119.291015625","-5971.328125"
"153","-5915.287109375","-5999.2421875","-5835.44091796875","-5960.901204427083","-6095.970703125","-5867.36962890625","-5949.781982421875","-5952.1279296875","-5947.43603515625","-5948.423502604167","-6010.77392578125","-5912.078125","-5990.699869791667","-6050.4306640625","-5917.27734375","-6130.537109375","-6275.65283203125","-6009.171875"
"154","-5917.847981770833","-5970.1689453125","-5833.015625","-5908.448079427083","-6008.93798828125","-5816.6669921875","-5944.24267578125","-5992.72021484375","-5895.76513671875","-6056.6025390625","-6087.8671875","-6014.75390625","-5990.093424479167","-6023.25048828125","-5925.5703125","-6178.842447916667","-6243.9501953125","-6063.4267578125"
"155","-5904.114095052083","-5949.94091796875","-5831.2197265625","-5933.552083333333","-5952.123046875","-5920.234375","-5949.049560546875","-5995.46826171875","-5902.630859375","-5950.61083984375","-6014.5244140625","-5911.45751953125","-6065.918782552083","-6144.0703125","-5969.39306640625","-6278.430989583333","-6683.72802734375","-6012.2392578125"
"156","-5957.491373697917","-6016.34130859375","-5909.20703125","-5959.637369791667","-6042.501953125","-5879.29931640625","-5927.91455078125","-5974.25244140625","-5881.57666015625","-5970.431803385417","-6044.587890625","-5903.62841796875","-5966.447265625","-6016.447265625","-5901.23583984375","-6001.625651041667","-6042.1787109375","-5945.43310546875"
"157","-5942.763020833333","-6011.8828125","-5884.2626953125","-5926.058268229167","-5981.80224609375","-5846.86572265625","-5947.203125","-6036.56298828125","-5857.84326171875","-5971.6298828125","-6010.77197265625","-5908.52001953125","-6031.085123697917","-6101.46630859375","-5960.671875","-6285.4326171875","-6753.11328125","-6033.7236328125"
"158","-5984.79638671875","-6065.86474609375","-5900.794921875","-5921.316569010417","-5951.42724609375","-5892.732421875","-5885.668701171875","-5902.58740234375","-5868.75","-5910.318033854167","-5938.029296875","-5894.13525390625","-6124.248372395833","-6444.8759765625","-5940.9912109375","-6177.735514322917","-6361.62060546875","-6031.75244140625"
"159","-5891.980305989583","-5930.1728515625","-5851.73388671875","-5867.034342447917","-5941.9580078125","-5821.52978515625","-5895.75","-5900.740234375","-5890.759765625","-5939.494791666667","-5966.306640625","-5904.7314453125","-6037.71142578125","-6212.7431640625","-5896.224609375","-6123.996744791667","-6199.56396484375","-6085.4384765625"
"160","-5938.722005208333","-5960.98486328125","-5925.70849609375","-5978.1201171875","-6131.25","-5866.44677734375","-5910.23046875","-5931.08544921875","-5889.37548828125","-5925.71923828125","-5936.70849609375","-5914.458984375","-6155.16259765625","-6244.248046875","-6069.921875","-6133.078125","-6266.5341796875","-6047.0634765625"
"161","-5902.39404296875","-5975.8935546875","-5829.59765625","-5930.75146484375","-5958.736328125","-5898.875","-5949.153076171875","-5966.32861328125","-5931.9775390625","-5979.259602864583","-6060.77392578125","-5906.7490234375","-6068.192057291667","-6191.142578125","-5984.279296875","-6346.044596354167","-6444.20849609375","-6199.60888671875"
"162","-5893.678873697917","-5961.99267578125","-5827.732421875","-5918.9423828125","-5978.1494140625","-5834.6806640625","-5940.86083984375","-5994.9111328125","-5886.810546875","-5914.49072265625","-5957.67138671875","-5878.6123046875","-6053.872721354167","-6122.7255859375","-5975.73779296875","-6130.702962239583","-6314.41796875","-6000.72021484375"
"163","-5892.51611328125","-5910.65478515625","-5880.857421875","-5851.967447916667","-5896.80908203125","-5818.8994140625","-5945.64306640625","-6020.62353515625","-5890.5791015625","-6019.812337239583","-6113.64892578125","-5959.30908203125","-5995.675455729167","-6042.392578125","-5952.3369140625","-6158.671875","-6420.33837890625","-5977.06884765625"
"164","-6014.968098958333","-6141.2939453125","-5937.8330078125","-5924.558919270833","-6015.306640625","-5818.62841796875","-5988.262369791667","-6041.2333984375","-5955.412109375","-5918.042154947917","-5950.1787109375","-5888.75439453125","-6093.68505859375","-6171.119140625","-6039.685546875","-6220.443196614583","-6440.4228515625","-6062.56884765625"
"165","-5896.077962239583","-5924.6943359375","-5881.44287109375","-5941.94970703125","-5990.33056640625","-5899.412109375","-5881.1962890625","-5901.86962890625","-5850.7763671875","-5978.518391927083","-6040.2685546875","-5900.34228515625","-6201.165201822917","-6598.2666015625","-5997.32666015625","-6282.598470052083","-6533.68603515625","-6056.7197265625"
"166","-5980.375325520833","-6044.56787109375","-5940.197265625","-5946.967447916667","-6014.6953125","-5911.427734375","-5892.800618489583","-5916.435546875","-5880.751953125","-5931.992024739583","-5934.623046875","-5929.140625","-6088.4970703125","-6119.19580078125","-6027.12890625","-6240.91650390625","-6638.58056640625","-6009.9189453125"
"167","-5948.656901041667","-6062.328125","-5859.9287109375","-5883.384928385417","-5917.1884765625","-5820.24560546875","-5910.154947916667","-5931.7880859375","-5895.6630859375","-5988.903971354167","-6046.51171875","-5934.4677734375","-5961.427083333333","-6024.67236328125","-5910.611328125","-6130.9287109375","-6533.220703125","-5915.1484375"
"168","-5976.2294921875","-6012.95458984375","-5904.9130859375","-5879.614095052083","-5903.9873046875","-5838.689453125","-5892.925944010417","-5953.1708984375","-5853.857421875","-5955.013671875","-6017.068359375","-5899.7939453125","-5950.41796875","-6063.10498046875","-5892.962890625","-6242.0771484375","-6429.912109375","-6025.20263671875"
"169","-5986.69482421875","-6204.7607421875","-5852.73486328125","-5870.53125","-5896.6162109375","-5829.119140625","-5944.500813802083","-6000.1474609375","-5896.05224609375","-5946.68212890625","-5967.197265625","-5925.82666015625","-6049.608235677083","-6143.232421875","-5992.06298828125","-6013.997721354167","-6045.044921875","-5976.568359375"
"170","-5902.622233072917","-5998.44140625","-5823.12744140625","-5897.859049479167","-5996.3994140625","-5831.759765625","-5856.530110677083","-5879.8349609375","-5834.45703125","-5958.850260416667","-6050.38916015625","-5865.60791015625","-5957.19580078125","-6007.2373046875","-5930.15185546875","-6377.961100260417","-6590.15966796875","-6233.859375"
"171","-5977.720052083333","-6035.130859375","-5904.5791015625","-5902.705729166667","-5964.080078125","-5859.416015625","-5863.776692708333","-5882.3896484375","-5842.43212890625","-5926.89453125","-5983.17822265625","-5886.62255859375","-6073.272623697917","-6213.6357421875","-5981.45751953125","-6259.9267578125","-6433.767578125","-5988.57421875"
"172","-5937.02490234375","-6040.2509765625","-5844.8779296875","-5892.594401041667","-5970.87646484375","-5815.21484375","-5948.044921875","-6029.3740234375","-5867.83251953125","-5894.232421875","-5927.08447265625","-5858.76025390625","-6069.624186197917","-6349.6650390625","-5851.43115234375","-6013.582682291667","-6072.357421875","-5962.046875"
"173","-5932","-6038.0888671875","-5874.4140625","-5922.054524739583","-5995.9736328125","-5868.47607421875","-5926.673502604167","-5962.31103515625","-5890.37744140625","-5963.213541666667","-6017.00439453125","-5933.40185546875","-6028.996256510417","-6136.900390625","-5946.66748046875","-6139.573893229167","-6432.31005859375","-5957.64404296875"
"174","-5924.08837890625","-5960.603515625","-5875.2939453125","-6028.986328125","-6143.0224609375","-5894.0546875","-5938.2900390625","-6015.029296875","-5868.37939453125","-5904.00732421875","-5940.4697265625","-5879.46435546875","-6000.46826171875","-6060.814453125","-5945.61328125","-6107.380208333333","-6296.7294921875","-5932.36474609375"
"175","-5900.69189453125","-5956.0810546875","-5819.11083984375","-5912.247721354167","-6038.548828125","-5836.5517578125","-5970.014811197917","-6015.99658203125","-5918.3583984375","-5943.35400390625","-5960.50390625","-5931.23876953125","-5963.286458333333","-5996.55322265625","-5912.3193359375","-6244.301106770833","-6487.73828125","-6073.82421875"
"176","-5904.41650390625","-5920.05517578125","-5890.4599609375","-5962.686848958333","-6143.2666015625","-5833.583984375","-5920.083170572917","-5929.06201171875","-5910.4921875","-5930.510091145833","-5932.447265625","-5927.9736328125","-5933.181803385417","-5963.5185546875","-5891.97802734375","-6208.37158203125","-6526.82958984375","-6014.25244140625"
"177","-5878.640462239583","-5943.8466796875","-5817.19970703125","-5961.14599609375","-6077.99853515625","-5882.3232421875","-5957.420572916667","-6118.10595703125","-5875.015625","-6032.727376302083","-6098.34423828125","-5903.921875","-5996.639811197917","-6097.34375","-5927.34912109375","-6234.2998046875","-6589.7041015625","-6015.1328125"
"178","-5964.173014322917","-5990.5986328125","-5923.17822265625","-5941.782389322917","-5966.32568359375","-5917.171875","-5980.935221354167","-6066.931640625","-5931.75634765625","-5986.161783854167","-6045.3974609375","-5914.8291015625","-6031.7890625","-6064.6591796875","-5984.61328125","-6082.249674479167","-6132.20556640625","-5995.75048828125"
"179","-5951.9560546875","-5999.794921875","-5901.72607421875","-5890.885904947917","-5912.9580078125","-5863.0615234375","-5990.143880208333","-6089.42431640625","-5864.0107421875","-6047.607747395833","-6209.30859375","-5939.41796875","-6001.623697916667","-6118.17919921875","-5913.4755859375","-6164.288248697917","-6373.5732421875","-6050.794921875"
"180","-5943.2373046875","-5988.15966796875","-5857.12255859375","-5901.635904947917","-5945.3095703125","-5852.798828125","-5971.593587239583","-5981.01611328125","-5955.54833984375","-5900.497884114583","-5924.2509765625","-5880.806640625","-6030.19091796875","-6041.2236328125","-6011.10595703125","-6119.328938802083","-6179.228515625","-6013.52978515625"
"181","-5900.897298177083","-5914.037109375","-5888.3935546875","-5887.875325520833","-5926.697265625","-5859.6572265625","-5918.90380859375","-6034.2724609375","-5846.14501953125","-5965.188151041667","-6027.80126953125","-5904.66015625","-6006.498372395833","-6095.28857421875","-5909.02685546875","-6049.390462239583","-6150.13037109375","-5953.7197265625"
"182","-5898.66259765625","-5957.541015625","-5816.6103515625","-5891.065266927083","-5925.5986328125","-5844.2763671875","-5977.009765625","-6141.5146484375","-5856.10498046875","-5944.089680989583","-5971.5634765625","-5919.80078125","-6021.789876302083","-6119.55322265625","-5852.16796875","-6188.694661458333","-6295.1513671875","-6020.59619140625"
"183","-5888.201171875","-5948.87548828125","-5841.28759765625","-5887.753255208333","-5899.40625","-5871.2734375","-5983.2080078125","-6066.830078125","-5865.4814453125","-5932.900553385417","-5982.0888671875","-5904.58154296875","-6074.81201171875","-6157.71484375","-5955.36474609375","-6136.36669921875","-6141.3623046875","-6129.71923828125"
"184","-5926.733072916667","-5999.09619140625","-5875.13916015625","-5965.439778645833","-6016.591796875","-5896.0810546875","-5924.304850260417","-6016.61474609375","-5854.01171875","-5890.646321614583","-5898.51806640625","-5886.3076171875","-6144.293782552083","-6315.3115234375","-5974.89599609375","-6413.1904296875","-6532.5078125","-6313.41650390625"
"185","-5885.84423828125","-5919.44140625","-5832.75244140625","-5897.548665364583","-5937.701171875","-5871.1083984375","-5953.503092447917","-6051.88037109375","-5884.3837890625","-5936.49462890625","-5998.49169921875","-5888.138671875","-5977.699869791667","-6026.45654296875","-5932.01025390625","-6058.03173828125","-6172.8056640625","-5980.47900390625"
"186","-5886.558756510417","-5942.8193359375","-5812.806640625","-5985.011067708333","-6126.14599609375","-5899.2373046875","-6029.641276041667","-6286.53564453125","-5864.83642578125","-5936.798502604167","-5987.7734375","-5885.630859375","-5953.925618489583","-5976.4892578125","-5933.9287109375","-6047.047526041667","-6072.509765625","-6033.28125"
"187","-5912.527669270833","-5960.4814453125","-5845.56884765625","-5920.55029296875","-5941.6875","-5879.9990234375","-6002.192057291667","-6169.130859375","-5870.90185546875","-5989.018391927083","-6011.0595703125","-5967.95263671875","-5954.954427083333","-5998.1435546875","-5897.24951171875","-6042.391764322917","-6202.5869140625","-5961.27001953125"
"188","-5933.404622395833","-5996.22265625","-5832.962890625","-5897.914225260417","-5910.95458984375","-5882.9931640625","-6061.203938802083","-6336.5576171875","-5885.99169921875","-5938.1328125","-6004.693359375","-5843.0927734375","-6045.070149739583","-6085.32373046875","-6003.0810546875","-6042.369791666667","-6092.578125","-6006.3701171875"
"189","-5943.931966145833","-6037.255859375","-5869.4462890625","-5944.012044270833","-6012.5810546875","-5891.1162109375","-6041.800455729167","-6221.525390625","-5913.4033203125","-5907.55126953125","-5920.361328125","-5884.0712890625","-5967.519694010417","-6083.67822265625","-5881.271484375","-6119.560709635417","-6365.33740234375","-5965.5849609375"
"190","-5952.900227864583","-6027.2177734375","-5907.654296875","-5861.317220052083","-5896.81689453125","-5820.6591796875","-6034.931803385417","-6226.4755859375","-5842.2626953125","-5971.21142578125","-6019.4091796875","-5913.30224609375","-6038.694498697917","-6098.14306640625","-5966.7958984375","-6374.593424479167","-6690.68994140625","-6061.6513671875"
"191","-5944.726399739583","-5999.20556640625","-5913.6962890625","-6026.814127604167","-6157.8017578125","-5908.0556640625","-6194.079915364583","-6545.7392578125","-5939.0732421875","-5927.513509114583","-5986.15625","-5843.4091796875","-5950.949381510417","-6107.28369140625","-5866.72607421875","-6260.44482421875","-6417.4814453125","-6064.16357421875"
"192","-5880.148274739583","-5920.1376953125","-5858.7099609375","-5879.54150390625","-5890.8515625","-5857.57568359375","-6178.607259114583","-6350.76953125","-5924.6787109375","-5999.2900390625","-6035.7490234375","-5944.8916015625","-5950.749837239583","-5959.935546875","-5936.82373046875","-6198.031087239583","-6500.6640625","-6019.26904296875"
"193","-5918.9912109375","-5927.60302734375","-5906.42578125","-5964.7275390625","-6216.1728515625","-5823.1103515625","-6113.074544270833","-6172.17138671875","-6036.9501953125","-5892.715006510417","-5918.4921875","-5854.3671875","-6186.244140625","-6511.6484375","-5895.90966796875","-6062.500325520833","-6197.2236328125","-5988.3603515625"
"194","-5903.237630208333","-5925.494140625","-5881.8828125","-6010.74658203125","-6151.24462890625","-5833.3232421875","-6215.923502604167","-6461.96875","-5878.9580078125","-5926.7236328125","-5983.5810546875","-5870.130859375","-6069.556477864583","-6144.04296875","-6020.5322265625","-6035.162272135417","-6067.6025390625","-6016.48974609375"
"195","-5911.683268229167","-6000.212890625","-5812.78125","-5969.824055989583","-6005.9375","-5923.45849609375","-6148.435384114583","-6355.0712890625","-5908.57568359375","-6069.115559895833","-6142.40234375","-5963.0107421875","-5937.680338541667","-6021.158203125","-5884.2841796875","-6215.870930989583","-6464.359375","-5991.56689453125"
"196","-5881.573404947917","-5916.37451171875","-5812.326171875","-5899.314127604167","-5955.142578125","-5831.6142578125","-6076.19140625","-6095.994140625","-6039.978515625","-5916.7607421875","-5953.3447265625","-5852.142578125","-5996.246744791667","-6028.373046875","-5977.609375","-6010.45361328125","-6099.9326171875","-5888.3583984375"
"197","-5912.981608072917","-5918.7138671875","-5903.62646484375","-5881.793619791667","-5893.3779296875","-5873.701171875","-6117.0390625","-6393.03857421875","-5864.08935546875","-5957.150716145833","-5985.771484375","-5921.92919921875","-6017.677408854167","-6053.8955078125","-5986.017578125","-6290.5107421875","-6442.21875","-6096.44287109375"
"198","-5920.55615234375","-5942.29443359375","-5883.6494140625","-5881.23193359375","-5889.6904296875","-5864.576171875","-6144.543619791667","-6431.6513671875","-5915.146484375","-5947.5224609375","-5972.2275390625","-5912.404296875","-5983.619791666667","-6137.0625","-5900.5078125","-6170.902506510417","-6352.58349609375","-6047.8984375"
"199","-5912.106770833333","-5938.68115234375","-5897.8642578125","-5896.494466145833","-5992.85693359375","-5842.59521484375","-6194.767903645833","-6524.16796875","-5999.1904296875","-5921.068359375","-5928.14306640625","-5908.73291015625","-6019.653645833333","-6060.8203125","-5945.3232421875","-6107.036783854167","-6150.85791015625","-6065.75537109375"