"Step","DS8-phase1 - Log ZCSMC","DS8-phase1 - Log ZCSMC__MIN","DS8-phase1 - Log ZCSMC__MAX","DS6-phase1 - Log ZCSMC","DS6-phase1 - Log ZCSMC__MIN","DS6-phase1 - Log ZCSMC__MAX","DS5-phase1 - Log ZCSMC","DS5-phase1 - Log ZCSMC__MIN","DS5-phase1 - Log ZCSMC__MAX","DS4-phase1 - Log ZCSMC","DS4-phase1 - Log ZCSMC__MIN","DS4-phase1 - Log ZCSMC__MAX","DS3-phase1 - Log ZCSMC","DS3-phase1 - Log ZCSMC__MIN","DS3-phase1 - Log ZCSMC__MAX","DS2-phase1 - Log ZCSMC","DS2-phase1 - Log ZCSMC__MIN","DS2-phase1 - Log ZCSMC__MAX","DS1-phase1 - Log ZCSMC","DS1-phase1 - Log ZCSMC__MIN","DS1-phase1 - Log ZCSMC__MAX"
"0","-9775.677734375","-9775.677734375","-9775.677734375","-7448.2578125","-7448.2578125","-7448.2578125","-8588.388671875","-8588.388671875","-8588.388671875","-14884.115234375","-14884.115234375","-14884.115234375","-36646.76953125","-36646.76953125","-36646.76953125","-30412.35546875","-30412.35546875","-30412.35546875","-8341.111328125","-8341.111328125","-8341.111328125"
"1","-9450.69140625","-9450.69140625","-9450.69140625","-7167.13671875","-7167.13671875","-7167.13671875","-8350.5419921875","-8350.5419921875","-8350.5419921875","-14371.99609375","-14371.99609375","-14371.99609375","-34909.890625","-34909.890625","-34909.890625","-28413.8203125","-28413.8203125","-28413.8203125","-7889.380859375","-7889.380859375","-7889.380859375"
"2","-9078.9453125","-9078.9453125","-9078.9453125","-7029.041015625","-7029.041015625","-7029.041015625","-8181.66162109375","-8181.66162109375","-8181.66162109375","-14376.421875","-14376.421875","-14376.421875","-33932.9609375","-33932.9609375","-33932.9609375","-27665.70703125","-27665.70703125","-27665.70703125","-7858.7421875","-7858.7421875","-7858.7421875"
"3","-9221.0234375","-9221.0234375","-9221.0234375","-7056.298828125","-7056.298828125","-7056.298828125","-8121.91455078125","-8121.91455078125","-8121.91455078125","-14245.82421875","-14245.82421875","-14245.82421875","-33268.578125","-33268.578125","-33268.578125","-27454.97265625","-27454.97265625","-27454.97265625","-7638.7578125","-7638.7578125","-7638.7578125"
"4","-9156.90625","-9156.90625","-9156.90625","-6977.03515625","-6977.03515625","-6977.03515625","-8150.63525390625","-8150.63525390625","-8150.63525390625","-14473.359375","-14473.359375","-14473.359375","-33351.10546875","-33351.10546875","-33351.10546875","-27505.30078125","-27505.30078125","-27505.30078125","-7727.8203125","-7727.8203125","-7727.8203125"
"5","-9096.03515625","-9096.03515625","-9096.03515625","-6998.455078125","-6998.455078125","-6998.455078125","-8131.41015625","-8131.41015625","-8131.41015625","-14113.9140625","-14113.9140625","-14113.9140625","-33616.578125","-33616.578125","-33616.578125","-27334.36328125","-27334.36328125","-27334.36328125","-7585.37109375","-7585.37109375","-7585.37109375"
"6","-9224.31640625","-9224.31640625","-9224.31640625","-6850.841796875","-6850.841796875","-6850.841796875","-8108.6328125","-8108.6328125","-8108.6328125","-14089.32421875","-14089.32421875","-14089.32421875","-33358.43359375","-33358.43359375","-33358.43359375","-27345.71484375","-27345.71484375","-27345.71484375","-7647.091796875","-7647.091796875","-7647.091796875"
"7","-9286.66796875","-9286.66796875","-9286.66796875","-6804.25390625","-6804.25390625","-6804.25390625","-8102.31640625","-8102.31640625","-8102.31640625","-14137.275390625","-14137.275390625","-14137.275390625","-33513.34765625","-33513.34765625","-33513.34765625","-27416.94140625","-27416.94140625","-27416.94140625","-8024.4609375","-8024.4609375","-8024.4609375"
"8","-9236.068359375","-9236.068359375","-9236.068359375","-6807.419921875","-6807.419921875","-6807.419921875","-8105.96875","-8105.96875","-8105.96875","-14143.81640625","-14143.81640625","-14143.81640625","-33567.2265625","-33567.2265625","-33567.2265625","-27301.9140625","-27301.9140625","-27301.9140625","-7581.69921875","-7581.69921875","-7581.69921875"
"9","-9087.33203125","-9087.33203125","-9087.33203125","-6836.66015625","-6836.66015625","-6836.66015625","-8175.7060546875","-8175.7060546875","-8175.7060546875","-13822.818359375","-13822.818359375","-13822.818359375","-33513.55078125","-33513.55078125","-33513.55078125","-27256.724609375","-27256.724609375","-27256.724609375","-7375.095703125","-7375.095703125","-7375.095703125"
"10","-9273.875","-9273.875","-9273.875","-6744.27734375","-6744.27734375","-6744.27734375","-8012.3828125","-8012.3828125","-8012.3828125","-14113.845703125","-14113.845703125","-14113.845703125","-33142.58984375","-33142.58984375","-33142.58984375","-27250.025390625","-27250.025390625","-27250.025390625","-7671.611328125","-7671.611328125","-7671.611328125"
"11","-9114.009765625","-9114.009765625","-9114.009765625","-6770.35546875","-6770.35546875","-6770.35546875","-8034.29248046875","-8034.29248046875","-8034.29248046875","-14342.412109375","-14342.412109375","-14342.412109375","-33343.8515625","-33343.8515625","-33343.8515625","-27389.58203125","-27389.58203125","-27389.58203125","-7623.515625","-7623.515625","-7623.515625"
"12","-9072.173828125","-9072.173828125","-9072.173828125","-6762.953125","-6762.953125","-6762.953125","-8069.08203125","-8069.08203125","-8069.08203125","-13978.86328125","-13978.86328125","-13978.86328125","-33156.04296875","-33156.04296875","-33156.04296875","-27181.52734375","-27181.52734375","-27181.52734375","-7489.669921875","-7489.669921875","-7489.669921875"
"13","-9057.0703125","-9057.0703125","-9057.0703125","-6816.890625","-6816.890625","-6816.890625","-8093.556640625","-8093.556640625","-8093.556640625","-14137.529296875","-14137.529296875","-14137.529296875","-33121.77734375","-33121.77734375","-33121.77734375","-27204.962890625","-27204.962890625","-27204.962890625","-7398.5","-7398.5","-7398.5"
"14","-9279.57421875","-9279.57421875","-9279.57421875","-6754.55078125","-6754.55078125","-6754.55078125","-8128.79052734375","-8128.79052734375","-8128.79052734375","-13749.984375","-13749.984375","-13749.984375","-32948.39453125","-32948.39453125","-32948.39453125","-27593.533203125","-27593.533203125","-27593.533203125","-7620.556640625","-7620.556640625","-7620.556640625"
"15","-9063.001953125","-9063.001953125","-9063.001953125","-6706.18359375","-6706.18359375","-6706.18359375","-8015.5595703125","-8015.5595703125","-8015.5595703125","-13848.55078125","-13848.55078125","-13848.55078125","-32870.1328125","-32870.1328125","-32870.1328125","-27134.68359375","-27134.68359375","-27134.68359375","-7586.951171875","-7586.951171875","-7586.951171875"
"16","-8915.640625","-8915.640625","-8915.640625","-6802.064453125","-6802.064453125","-6802.064453125","-7964.1796875","-7964.1796875","-7964.1796875","-13934.279296875","-13934.279296875","-13934.279296875","-33096.33984375","-33096.33984375","-33096.33984375","-27042.14453125","-27042.14453125","-27042.14453125","-7670.541015625","-7670.541015625","-7670.541015625"
"17","-9121.408203125","-9121.408203125","-9121.408203125","-6888.63671875","-6888.63671875","-6888.63671875","-8025.2333984375","-8025.2333984375","-8025.2333984375","-13932.7578125","-13932.7578125","-13932.7578125","-32713.921875","-32713.921875","-32713.921875","-27210.623046875","-27210.623046875","-27210.623046875","-7585.794921875","-7585.794921875","-7585.794921875"
"18","-9124.8984375","-9124.8984375","-9124.8984375","-6686.8984375","-6686.8984375","-6686.8984375","-8024.505859375","-8024.505859375","-8024.505859375","-13970.751953125","-13970.751953125","-13970.751953125","-32860.7421875","-32860.7421875","-32860.7421875","-27005.78515625","-27005.78515625","-27005.78515625","-7712.21484375","-7712.21484375","-7712.21484375"
"19","-9155.23046875","-9155.23046875","-9155.23046875","-6671.42578125","-6671.42578125","-6671.42578125","-8063.037109375","-8063.037109375","-8063.037109375","-14186.740234375","-14186.740234375","-14186.740234375","-32881.453125","-32881.453125","-32881.453125","-26889.08984375","-26889.08984375","-26889.08984375","-7400.564453125","-7400.564453125","-7400.564453125"
"20","-8911.44140625","-8911.44140625","-8911.44140625","-6818.427734375","-6818.427734375","-6818.427734375","-8044.763671875","-8044.763671875","-8044.763671875","-14038.828125","-14038.828125","-14038.828125","-32735.65234375","-32735.65234375","-32735.65234375","-26976.056640625","-26976.056640625","-26976.056640625","-7756.767578125","-7756.767578125","-7756.767578125"
"21","-8795.9375","-8795.9375","-8795.9375","-6687.27734375","-6687.27734375","-6687.27734375","-8069.65283203125","-8069.65283203125","-8069.65283203125","-13984.8046875","-13984.8046875","-13984.8046875","-32796.890625","-32796.890625","-32796.890625","-27057.9453125","-27057.9453125","-27057.9453125","-7614.90234375","-7614.90234375","-7614.90234375"
"22","-8868.5703125","-8868.5703125","-8868.5703125","-6718.376953125","-6718.376953125","-6718.376953125","-8081.68603515625","-8081.68603515625","-8081.68603515625","-13836.0078125","-13836.0078125","-13836.0078125","-32725.353515625","-32725.353515625","-32725.353515625","-27054.07421875","-27054.07421875","-27054.07421875","-7608.9765625","-7608.9765625","-7608.9765625"
"23","-8709.140625","-8709.140625","-8709.140625","-6866.37890625","-6866.37890625","-6866.37890625","-8016.53564453125","-8016.53564453125","-8016.53564453125","-13909.736328125","-13909.736328125","-13909.736328125","-32959.6171875","-32959.6171875","-32959.6171875","-26844.943359375","-26844.943359375","-26844.943359375","-7802.509765625","-7802.509765625","-7802.509765625"
"24","-8833.23828125","-8833.23828125","-8833.23828125","-6831.625","-6831.625","-6831.625","-7992.1015625","-7992.1015625","-7992.1015625","-14170.828125","-14170.828125","-14170.828125","-32745.86328125","-32745.86328125","-32745.86328125","-26744.59765625","-26744.59765625","-26744.59765625","-7609.662109375","-7609.662109375","-7609.662109375"
"25","-8949.38671875","-8949.38671875","-8949.38671875","-6801.0859375","-6801.0859375","-6801.0859375","-8050.173828125","-8050.173828125","-8050.173828125","-14001.734375","-14001.734375","-14001.734375","-32916.85546875","-32916.85546875","-32916.85546875","-26900.82421875","-26900.82421875","-26900.82421875","-7467.6015625","-7467.6015625","-7467.6015625"
"26","-9047.203125","-9047.203125","-9047.203125","-6581.244140625","-6581.244140625","-6581.244140625","-7959.79052734375","-7959.79052734375","-7959.79052734375","-13997.123046875","-13997.123046875","-13997.123046875","-32905.24609375","-32905.24609375","-32905.24609375","-26868.986328125","-26868.986328125","-26868.986328125","-7391.83984375","-7391.83984375","-7391.83984375"
"27","-8834.447265625","-8834.447265625","-8834.447265625","-6578.828125","-6578.828125","-6578.828125","-8022.7607421875","-8022.7607421875","-8022.7607421875","-13885.98046875","-13885.98046875","-13885.98046875","-32708.8828125","-32708.8828125","-32708.8828125","-26818.177734375","-26818.177734375","-26818.177734375","-7624.365234375","-7624.365234375","-7624.365234375"
"28","-8767.755859375","-8767.755859375","-8767.755859375","-6647.216796875","-6647.216796875","-6647.216796875","-8010.52685546875","-8010.52685546875","-8010.52685546875","-13924.39453125","-13924.39453125","-13924.39453125","-32952.2265625","-32952.2265625","-32952.2265625","-26830.09375","-26830.09375","-26830.09375","-7467.759765625","-7467.759765625","-7467.759765625"
"29","-9055.18359375","-9055.18359375","-9055.18359375","-6702.404296875","-6702.404296875","-6702.404296875","-8005.54443359375","-8005.54443359375","-8005.54443359375","-14173.7734375","-14173.7734375","-14173.7734375","-32764.626953125","-32764.626953125","-32764.626953125","-26818.21875","-26818.21875","-26818.21875","-7501.439453125","-7501.439453125","-7501.439453125"
"30","-8923.033203125","-8923.033203125","-8923.033203125","-6614.458984375","-6614.458984375","-6614.458984375","-7932.4169921875","-7932.4169921875","-7932.4169921875","-13974.59765625","-13974.59765625","-13974.59765625","-32746.234375","-32746.234375","-32746.234375","-26852.482421875","-26852.482421875","-26852.482421875","-7774.494140625","-7774.494140625","-7774.494140625"
"31","-8967.51953125","-8967.51953125","-8967.51953125","-6549.16015625","-6549.16015625","-6549.16015625","-8045.5419921875","-8045.5419921875","-8045.5419921875","-14194.59765625","-14194.59765625","-14194.59765625","-32931.7578125","-32931.7578125","-32931.7578125","-26771.794921875","-26771.794921875","-26771.794921875","-7536.369140625","-7536.369140625","-7536.369140625"
"32","-8883.55078125","-8883.55078125","-8883.55078125","-6734.96875","-6734.96875","-6734.96875","-7975.0078125","-7975.0078125","-7975.0078125","-13976.201171875","-13976.201171875","-13976.201171875","-32578.013671875","-32578.013671875","-32578.013671875","-26855.369140625","-26855.369140625","-26855.369140625","-7607.45703125","-7607.45703125","-7607.45703125"
"33","-8936.490234375","-8936.490234375","-8936.490234375","-6629.900390625","-6629.900390625","-6629.900390625","-8009.3037109375","-8009.3037109375","-8009.3037109375","-13991.93359375","-13991.93359375","-13991.93359375","-32713.806640625","-32713.806640625","-32713.806640625","-26860.8359375","-26860.8359375","-26860.8359375","-7619.140625","-7619.140625","-7619.140625"
"34","-9077.0234375","-9077.0234375","-9077.0234375","-6880.890625","-6880.890625","-6880.890625","-7955.0810546875","-7955.0810546875","-7955.0810546875","-13834.18359375","-13834.18359375","-13834.18359375","-33249.28515625","-33249.28515625","-33249.28515625","-26977.263671875","-26977.263671875","-26977.263671875","-7648.6875","-7648.6875","-7648.6875"
"35","-8751.97265625","-8751.97265625","-8751.97265625","-6623.314453125","-6623.314453125","-6623.314453125","-7937.51904296875","-7937.51904296875","-7937.51904296875","-14213.166015625","-14213.166015625","-14213.166015625","-33095.97265625","-33095.97265625","-33095.97265625","-26855.20703125","-26855.20703125","-26855.20703125","-7457.41796875","-7457.41796875","-7457.41796875"
"36","-8739.01953125","-8739.01953125","-8739.01953125","-6636.46875","-6636.46875","-6636.46875","-7954.6455078125","-7954.6455078125","-7954.6455078125","-14111.8125","-14111.8125","-14111.8125","-32660.44140625","-32660.44140625","-32660.44140625","-26883.541015625","-26883.541015625","-26883.541015625","-7497.47265625","-7497.47265625","-7497.47265625"
"37","-9039.40625","-9039.40625","-9039.40625","-6648.1015625","-6648.1015625","-6648.1015625","-8026.5048828125","-8026.5048828125","-8026.5048828125","-13950.029296875","-13950.029296875","-13950.029296875","-32639.4140625","-32639.4140625","-32639.4140625","-26756.11328125","-26756.11328125","-26756.11328125","-7668.8125","-7668.8125","-7668.8125"
"38","-8763.306640625","-8763.306640625","-8763.306640625","-6557.701171875","-6557.701171875","-6557.701171875","-7985.6640625","-7985.6640625","-7985.6640625","-13915.7265625","-13915.7265625","-13915.7265625","-32492.259765625","-32492.259765625","-32492.259765625","-26997.3828125","-26997.3828125","-26997.3828125","-7791.01171875","-7791.01171875","-7791.01171875"
"39","-8847.046875","-8847.046875","-8847.046875","-6758.16015625","-6758.16015625","-6758.16015625","-8049.505859375","-8049.505859375","-8049.505859375","-14285.025390625","-14285.025390625","-14285.025390625","-32477.515625","-32477.515625","-32477.515625","-26848.689453125","-26848.689453125","-26848.689453125","-7667.42578125","-7667.42578125","-7667.42578125"
"40","-8974.3046875","-8974.3046875","-8974.3046875","-6593.068359375","-6593.068359375","-6593.068359375","-7948.37939453125","-7948.37939453125","-7948.37939453125","-14066.7109375","-14066.7109375","-14066.7109375","-32679.0078125","-32679.0078125","-32679.0078125","-27027.9765625","-27027.9765625","-27027.9765625","-7627.015625","-7627.015625","-7627.015625"
"41","-8894.939453125","-8894.939453125","-8894.939453125","-6554.19921875","-6554.19921875","-6554.19921875","-7938.728515625","-7938.728515625","-7938.728515625","-14037.03515625","-14037.03515625","-14037.03515625","-32482.75","-32482.75","-32482.75","-26571.01953125","-26571.01953125","-26571.01953125","-7718.2890625","-7718.2890625","-7718.2890625"
"42","-8801.9140625","-8801.9140625","-8801.9140625","-6731.228515625","-6731.228515625","-6731.228515625","-7917.9638671875","-7917.9638671875","-7917.9638671875","-13863.830078125","-13863.830078125","-13863.830078125","-32448.814453125","-32448.814453125","-32448.814453125","-26723.326171875","-26723.326171875","-26723.326171875","-7589.19140625","-7589.19140625","-7589.19140625"
"43","-8791.42578125","-8791.42578125","-8791.42578125","-6718.80859375","-6718.80859375","-6718.80859375","-7925.955078125","-7925.955078125","-7925.955078125","-13844.30078125","-13844.30078125","-13844.30078125","-32815.1640625","-32815.1640625","-32815.1640625","-26735.40625","-26735.40625","-26735.40625","-7567.943359375","-7567.943359375","-7567.943359375"
"44","-8796.78515625","-8796.78515625","-8796.78515625","-6493.6171875","-6493.6171875","-6493.6171875","-7966.52392578125","-7966.52392578125","-7966.52392578125","-13648.455078125","-13648.455078125","-13648.455078125","-32846.90625","-32846.90625","-32846.90625","-26734.28515625","-26734.28515625","-26734.28515625","-7310.453125","-7310.453125","-7310.453125"
"45","-8874.7578125","-8874.7578125","-8874.7578125","-6668.146484375","-6668.146484375","-6668.146484375","-8042.4052734375","-8042.4052734375","-8042.4052734375","-13856.58203125","-13856.58203125","-13856.58203125","-32618.029296875","-32618.029296875","-32618.029296875","-26820.05078125","-26820.05078125","-26820.05078125","-7865.83984375","-7865.83984375","-7865.83984375"
"46","-8983.796875","-8983.796875","-8983.796875","-6540.482421875","-6540.482421875","-6540.482421875","-7969.4970703125","-7969.4970703125","-7969.4970703125","-13970.423828125","-13970.423828125","-13970.423828125","-32610.439453125","-32610.439453125","-32610.439453125","-26638.103515625","-26638.103515625","-26638.103515625","-7591.025390625","-7591.025390625","-7591.025390625"
"47","-8791.02734375","-8791.02734375","-8791.02734375","-6492.6640625","-6492.6640625","-6492.6640625","-8094.20703125","-8094.20703125","-8094.20703125","-13929.40234375","-13929.40234375","-13929.40234375","-32668.6328125","-32668.6328125","-32668.6328125","-26780.90625","-26780.90625","-26780.90625","-7519.095703125","-7519.095703125","-7519.095703125"
"48","-8763.94921875","-8763.94921875","-8763.94921875","-6574.01953125","-6574.01953125","-6574.01953125","-7967.33984375","-7967.33984375","-7967.33984375","-14019.66015625","-14019.66015625","-14019.66015625","-32478.78515625","-32478.78515625","-32478.78515625","-26958.28125","-26958.28125","-26958.28125","-7414.6015625","-7414.6015625","-7414.6015625"
"49","-8801.501953125","-8801.501953125","-8801.501953125","-6686.947265625","-6686.947265625","-6686.947265625","-7946.017578125","-7946.017578125","-7946.017578125","-14194.59375","-14194.59375","-14194.59375","-32473.28515625","-32473.28515625","-32473.28515625","-26962.0703125","-26962.0703125","-26962.0703125","-7407.96875","-7407.96875","-7407.96875"
"50","-8868.251953125","-8868.251953125","-8868.251953125","-6672.693359375","-6672.693359375","-6672.693359375","-7973.9951171875","-7973.9951171875","-7973.9951171875","-14114.84765625","-14114.84765625","-14114.84765625","-32551.310546875","-32551.310546875","-32551.310546875","-26951.423828125","-26951.423828125","-26951.423828125","-7554.859375","-7554.859375","-7554.859375"
"51","-9033.294921875","-9033.294921875","-9033.294921875","-6679.27734375","-6679.27734375","-6679.27734375","-7993.7255859375","-7993.7255859375","-7993.7255859375","-13868.90625","-13868.90625","-13868.90625","-32531.125","-32531.125","-32531.125","-26990.2578125","-26990.2578125","-26990.2578125","-7534.56640625","-7534.56640625","-7534.56640625"
"52","-8863.65234375","-8863.65234375","-8863.65234375","-6820.01953125","-6820.01953125","-6820.01953125","-7959.423828125","-7959.423828125","-7959.423828125","-14041.98046875","-14041.98046875","-14041.98046875","-32910.265625","-32910.265625","-32910.265625","-26685.41015625","-26685.41015625","-26685.41015625","-7395.82421875","-7395.82421875","-7395.82421875"
"53","-8883.74609375","-8883.74609375","-8883.74609375","-6535.2421875","-6535.2421875","-6535.2421875","-7999.2060546875","-7999.2060546875","-7999.2060546875","-13798.357421875","-13798.357421875","-13798.357421875","-32954.625","-32954.625","-32954.625","-26808.21875","-26808.21875","-26808.21875","-7397.94140625","-7397.94140625","-7397.94140625"
"54","-8886.169921875","-8886.169921875","-8886.169921875","-6552.73046875","-6552.73046875","-6552.73046875","-7955.32958984375","-7955.32958984375","-7955.32958984375","-13688.673828125","-13688.673828125","-13688.673828125","-32452.1875","-32452.1875","-32452.1875","-26697.37109375","-26697.37109375","-26697.37109375","-7365.01953125","-7365.01953125","-7365.01953125"
"55","-8872.140625","-8872.140625","-8872.140625","-6612.12890625","-6612.12890625","-6612.12890625","-8012.70556640625","-8012.70556640625","-8012.70556640625","-13917.109375","-13917.109375","-13917.109375","-32467.52734375","-32467.52734375","-32467.52734375","-26748.76953125","-26748.76953125","-26748.76953125","-7386.94140625","-7386.94140625","-7386.94140625"
"56","-8757.853515625","-8757.853515625","-8757.853515625","-6776.28125","-6776.28125","-6776.28125","-7944.4873046875","-7944.4873046875","-7944.4873046875","-14042.673828125","-14042.673828125","-14042.673828125","-32532.9453125","-32532.9453125","-32532.9453125","-26782.955078125","-26782.955078125","-26782.955078125","-7400.458984375","-7400.458984375","-7400.458984375"
"57","-8806.365234375","-8806.365234375","-8806.365234375","-6532.044921875","-6532.044921875","-6532.044921875","-7931.8203125","-7931.8203125","-7931.8203125","-13715.46875","-13715.46875","-13715.46875","-32781.046875","-32781.046875","-32781.046875","-26811.75390625","-26811.75390625","-26811.75390625","-7389.380859375","-7389.380859375","-7389.380859375"
"58","-8682.095703125","-8682.095703125","-8682.095703125","-6761.11328125","-6761.11328125","-6761.11328125","-8044.68212890625","-8044.68212890625","-8044.68212890625","-13780.1953125","-13780.1953125","-13780.1953125","-32658.0078125","-32658.0078125","-32658.0078125","-26770.66015625","-26770.66015625","-26770.66015625","-7421.498046875","-7421.498046875","-7421.498046875"
"59","-8652.91015625","-8652.91015625","-8652.91015625","-6614.2578125","-6614.2578125","-6614.2578125","-7979.8935546875","-7979.8935546875","-7979.8935546875","-14069.75390625","-14069.75390625","-14069.75390625","-32641.69140625","-32641.69140625","-32641.69140625","-26750.58984375","-26750.58984375","-26750.58984375","-7396.267578125","-7396.267578125","-7396.267578125"
"60","-8735.59765625","-8735.59765625","-8735.59765625","-6597.74609375","-6597.74609375","-6597.74609375","-7936.54931640625","-7936.54931640625","-7936.54931640625","-14102.7734375","-14102.7734375","-14102.7734375","-32477.55859375","-32477.55859375","-32477.55859375","-26800.2734375","-26800.2734375","-26800.2734375","-7940.458984375","-7940.458984375","-7940.458984375"
"61","-8656.15625","-8656.15625","-8656.15625","-6666.9921875","-6666.9921875","-6666.9921875","-7951.283203125","-7951.283203125","-7951.283203125","-13827.8359375","-13827.8359375","-13827.8359375","-32518.134765625","-32518.134765625","-32518.134765625","-26936.69921875","-26936.69921875","-26936.69921875","-7329.94921875","-7329.94921875","-7329.94921875"
"62","-8818.0546875","-8818.0546875","-8818.0546875","-6505.07421875","-6505.07421875","-6505.07421875","-7904.8193359375","-7904.8193359375","-7904.8193359375","-13798.203125","-13798.203125","-13798.203125","-32707.2734375","-32707.2734375","-32707.2734375","-26569.6484375","-26569.6484375","-26569.6484375","-7519.0703125","-7519.0703125","-7519.0703125"
"63","-8849.025390625","-8849.025390625","-8849.025390625","-6507.99609375","-6507.99609375","-6507.99609375","-7906.439453125","-7906.439453125","-7906.439453125","-14019.0078125","-14019.0078125","-14019.0078125","-32614.46875","-32614.46875","-32614.46875","-26734.37890625","-26734.37890625","-26734.37890625","-7566.453125","-7566.453125","-7566.453125"
"64","-8774.3359375","-8774.3359375","-8774.3359375","-6649.140625","-6649.140625","-6649.140625","-7949.4208984375","-7949.4208984375","-7949.4208984375","-13873.271484375","-13873.271484375","-13873.271484375","-32454.251953125","-32454.251953125","-32454.251953125","-26819.943359375","-26819.943359375","-26819.943359375","-7641.427734375","-7641.427734375","-7641.427734375"
"65","-8818.1875","-8818.1875","-8818.1875","-6554.01953125","-6554.01953125","-6554.01953125","-7961.291015625","-7961.291015625","-7961.291015625","-13687.439453125","-13687.439453125","-13687.439453125","-32417.51171875","-32417.51171875","-32417.51171875","-26686.91796875","-26686.91796875","-26686.91796875","-7456.880859375","-7456.880859375","-7456.880859375"
"66","-8776.37890625","-8776.37890625","-8776.37890625","-6561.611328125","-6561.611328125","-6561.611328125","-7943.1708984375","-7943.1708984375","-7943.1708984375","-14304.69140625","-14304.69140625","-14304.69140625","-32557.671875","-32557.671875","-32557.671875","-26858.166015625","-26858.166015625","-26858.166015625","-7545.595703125","-7545.595703125","-7545.595703125"
"67","-8855.7109375","-8855.7109375","-8855.7109375","-6553.345703125","-6553.345703125","-6553.345703125","-7994.2236328125","-7994.2236328125","-7994.2236328125","-13790.794921875","-13790.794921875","-13790.794921875","-32736.17578125","-32736.17578125","-32736.17578125","-26601.369140625","-26601.369140625","-26601.369140625","-7645.544921875","-7645.544921875","-7645.544921875"
"68","-8951.591796875","-8951.591796875","-8951.591796875","-6686.18359375","-6686.18359375","-6686.18359375","-7978.51123046875","-7978.51123046875","-7978.51123046875","-13778.798828125","-13778.798828125","-13778.798828125","-32775.0234375","-32775.0234375","-32775.0234375","-26693.390625","-26693.390625","-26693.390625","-7595.552734375","-7595.552734375","-7595.552734375"
"69","-8818.43359375","-8818.43359375","-8818.43359375","-6584.875","-6584.875","-6584.875","-8033.63134765625","-8033.63134765625","-8033.63134765625","-13739.5","-13739.5","-13739.5","-32520.783203125","-32520.783203125","-32520.783203125","-26669.21484375","-26669.21484375","-26669.21484375","-7847.162109375","-7847.162109375","-7847.162109375"
"70","-8656.546875","-8656.546875","-8656.546875","-6469.587890625","-6469.587890625","-6469.587890625","-7993.66650390625","-7993.66650390625","-7993.66650390625","-14142.75","-14142.75","-14142.75","-32453.666015625","-32453.666015625","-32453.666015625","-26877.59375","-26877.59375","-26877.59375","-7572.7734375","-7572.7734375","-7572.7734375"
"71","-9093.646484375","-9093.646484375","-9093.646484375","-6433.099609375","-6433.099609375","-6433.099609375","-7923.7734375","-7923.7734375","-7923.7734375","-13875.078125","-13875.078125","-13875.078125","-32839.4765625","-32839.4765625","-32839.4765625","-26780.119140625","-26780.119140625","-26780.119140625","-7377.396484375","-7377.396484375","-7377.396484375"
"72","-8758.546875","-8758.546875","-8758.546875","-6731.439453125","-6731.439453125","-6731.439453125","-7950.9599609375","-7950.9599609375","-7950.9599609375","-13922.69921875","-13922.69921875","-13922.69921875","-32469.75","-32469.75","-32469.75","-26611.6640625","-26611.6640625","-26611.6640625","-7450.533203125","-7450.533203125","-7450.533203125"
"73","-8816.1484375","-8816.1484375","-8816.1484375","-6859.98828125","-6859.98828125","-6859.98828125","-7887.32763671875","-7887.32763671875","-7887.32763671875","-13906.271484375","-13906.271484375","-13906.271484375","-32743.009765625","-32743.009765625","-32743.009765625","-26849.830078125","-26849.830078125","-26849.830078125","-7537.583984375","-7537.583984375","-7537.583984375"
"74","-8797.837890625","-8797.837890625","-8797.837890625","-6714.77734375","-6714.77734375","-6714.77734375","-8004.2119140625","-8004.2119140625","-8004.2119140625","-13753.7734375","-13753.7734375","-13753.7734375","-32559.912109375","-32559.912109375","-32559.912109375","-27154.796875","-27154.796875","-27154.796875","-7613.87890625","-7613.87890625","-7613.87890625"
"75","-8722.462890625","-8722.462890625","-8722.462890625","-6954.591796875","-6954.591796875","-6954.591796875","-7892.77734375","-7892.77734375","-7892.77734375","-13928.896484375","-13928.896484375","-13928.896484375","-32358.791015625","-32358.791015625","-32358.791015625","-26626.47265625","-26626.47265625","-26626.47265625","-7585.556640625","-7585.556640625","-7585.556640625"
"76","-8878.015625","-8878.015625","-8878.015625","-6712.9921875","-6712.9921875","-6712.9921875","-7877.6416015625","-7877.6416015625","-7877.6416015625","-13953.546875","-13953.546875","-13953.546875","-32729.123046875","-32729.123046875","-32729.123046875","-26724.72265625","-26724.72265625","-26724.72265625","-7717.203125","-7717.203125","-7717.203125"
"77","-8680.515625","-8680.515625","-8680.515625","-6582.74609375","-6582.74609375","-6582.74609375","-8039.3076171875","-8039.3076171875","-8039.3076171875","-13787.0625","-13787.0625","-13787.0625","-32358.125","-32358.125","-32358.125","-26655.416015625","-26655.416015625","-26655.416015625","-7544.99609375","-7544.99609375","-7544.99609375"
"78","-8700.6640625","-8700.6640625","-8700.6640625","-6491.30859375","-6491.30859375","-6491.30859375","-7957.92529296875","-7957.92529296875","-7957.92529296875","-13874.341796875","-13874.341796875","-13874.341796875","-32875.8828125","-32875.8828125","-32875.8828125","-26828.625","-26828.625","-26828.625","-7668.75","-7668.75","-7668.75"
"79","-8731.564453125","-8731.564453125","-8731.564453125","-6556.98828125","-6556.98828125","-6556.98828125","-7982.31689453125","-7982.31689453125","-7982.31689453125","-13797.970703125","-13797.970703125","-13797.970703125","-32797.2578125","-32797.2578125","-32797.2578125","-26978.66015625","-26978.66015625","-26978.66015625","-7478.75","-7478.75","-7478.75"
"80","-8944.2265625","-8944.2265625","-8944.2265625","-6519.787109375","-6519.787109375","-6519.787109375","-7930.81884765625","-7930.81884765625","-7930.81884765625","-13954.28515625","-13954.28515625","-13954.28515625","-32514.58203125","-32514.58203125","-32514.58203125","-26725.306640625","-26725.306640625","-26725.306640625","-7781.98828125","-7781.98828125","-7781.98828125"
"81","-8827.625","-8827.625","-8827.625","-6690.41796875","-6690.41796875","-6690.41796875","-7930.8828125","-7930.8828125","-7930.8828125","-13805.44140625","-13805.44140625","-13805.44140625","-32459.80078125","-32459.80078125","-32459.80078125","-26756.458984375","-26756.458984375","-26756.458984375","-7676.486328125","-7676.486328125","-7676.486328125"
"82","-8922.326171875","-8922.326171875","-8922.326171875","-6716.2734375","-6716.2734375","-6716.2734375","-7911.5576171875","-7911.5576171875","-7911.5576171875","-14012.4453125","-14012.4453125","-14012.4453125","-32820.953125","-32820.953125","-32820.953125","-26678.8046875","-26678.8046875","-26678.8046875","-7832.619140625","-7832.619140625","-7832.619140625"
"83","-9088.0546875","-9088.0546875","-9088.0546875","-6771.513671875","-6771.513671875","-6771.513671875","-7897.9716796875","-7897.9716796875","-7897.9716796875","-13881.65625","-13881.65625","-13881.65625","-32545.68359375","-32545.68359375","-32545.68359375","-27018.52734375","-27018.52734375","-27018.52734375","-7619.845703125","-7619.845703125","-7619.845703125"
"84","-8657.34375","-8657.34375","-8657.34375","-6512.09765625","-6512.09765625","-6512.09765625","-7955.6669921875","-7955.6669921875","-7955.6669921875","-14007.52734375","-14007.52734375","-14007.52734375","-32580.73828125","-32580.73828125","-32580.73828125","-26709.1015625","-26709.1015625","-26709.1015625","-7527.498046875","-7527.498046875","-7527.498046875"
"85","-8565.740234375","-8565.740234375","-8565.740234375","-6856.19140625","-6856.19140625","-6856.19140625","-7954.9375","-7954.9375","-7954.9375","-13885.125","-13885.125","-13885.125","-32833.4375","-32833.4375","-32833.4375","-26664.0078125","-26664.0078125","-26664.0078125","-7662.6796875","-7662.6796875","-7662.6796875"
"86","-8649.66015625","-8649.66015625","-8649.66015625","-6486.271484375","-6486.271484375","-6486.271484375","-7883.853515625","-7883.853515625","-7883.853515625","-13850.962890625","-13850.962890625","-13850.962890625","-32721.740234375","-32721.740234375","-32721.740234375","-26986.0859375","-26986.0859375","-26986.0859375","-7839.09375","-7839.09375","-7839.09375"
"87","-8828.05078125","-8828.05078125","-8828.05078125","-6656.166015625","-6656.166015625","-6656.166015625","-7998.05712890625","-7998.05712890625","-7998.05712890625","-13839.60546875","-13839.60546875","-13839.60546875","-32997.34375","-32997.34375","-32997.34375","-26653.349609375","-26653.349609375","-26653.349609375","-7581.521484375","-7581.521484375","-7581.521484375"
"88","-8989.82421875","-8989.82421875","-8989.82421875","-6560.9765625","-6560.9765625","-6560.9765625","-7847.484375","-7847.484375","-7847.484375","-14151.005859375","-14151.005859375","-14151.005859375","-32953.34765625","-32953.34765625","-32953.34765625","-26737.5234375","-26737.5234375","-26737.5234375","-7612.837890625","-7612.837890625","-7612.837890625"
"89","-8729.73046875","-8729.73046875","-8729.73046875","-6594.0625","-6594.0625","-6594.0625","-7868.46142578125","-7868.46142578125","-7868.46142578125","-13934.36328125","-13934.36328125","-13934.36328125","-32633.3125","-32633.3125","-32633.3125","-26785.3203125","-26785.3203125","-26785.3203125","-7977.14453125","-7977.14453125","-7977.14453125"
"90","-8624.8125","-8624.8125","-8624.8125","-6700.80078125","-6700.80078125","-6700.80078125","-7941.4365234375","-7941.4365234375","-7941.4365234375","-14257.021484375","-14257.021484375","-14257.021484375","-32730.255859375","-32730.255859375","-32730.255859375","-26686.189453125","-26686.189453125","-26686.189453125","-7554.140625","-7554.140625","-7554.140625"
"91","-8774.599609375","-8774.599609375","-8774.599609375","-6527.83984375","-6527.83984375","-6527.83984375","-7901.68017578125","-7901.68017578125","-7901.68017578125","-13780.025390625","-13780.025390625","-13780.025390625","-32638.0078125","-32638.0078125","-32638.0078125","-26802.427734375","-26802.427734375","-26802.427734375","-7373.046875","-7373.046875","-7373.046875"
"92","-8844.25390625","-8844.25390625","-8844.25390625","-6640.6171875","-6640.6171875","-6640.6171875","-7860.97314453125","-7860.97314453125","-7860.97314453125","-14060.01171875","-14060.01171875","-14060.01171875","-32851.23046875","-32851.23046875","-32851.23046875","-26551.82421875","-26551.82421875","-26551.82421875","-7551.513671875","-7551.513671875","-7551.513671875"
"93","-9135.810546875","-9135.810546875","-9135.810546875","-6548.306640625","-6548.306640625","-6548.306640625","-7847.19970703125","-7847.19970703125","-7847.19970703125","-13699.92578125","-13699.92578125","-13699.92578125","-32818.9140625","-32818.9140625","-32818.9140625","-26811.76953125","-26811.76953125","-26811.76953125","-7512.708984375","-7512.708984375","-7512.708984375"
"94","-9021.20703125","-9021.20703125","-9021.20703125","-6571.7734375","-6571.7734375","-6571.7734375","-7878.71337890625","-7878.71337890625","-7878.71337890625","-13879.33203125","-13879.33203125","-13879.33203125","-32701.87109375","-32701.87109375","-32701.87109375","-26674.66796875","-26674.66796875","-26674.66796875","-7535.69921875","-7535.69921875","-7535.69921875"
"95","-8662.4765625","-8662.4765625","-8662.4765625","-6583.15625","-6583.15625","-6583.15625","-7950.14111328125","-7950.14111328125","-7950.14111328125","-13958.376953125","-13958.376953125","-13958.376953125","-32662.609375","-32662.609375","-32662.609375","-26677.57421875","-26677.57421875","-26677.57421875","-7472.0078125","-7472.0078125","-7472.0078125"
"96","-8679.296875","-8679.296875","-8679.296875","-6434.541015625","-6434.541015625","-6434.541015625","-7915.623046875","-7915.623046875","-7915.623046875","-13941.46875","-13941.46875","-13941.46875","-32753.015625","-32753.015625","-32753.015625","-26838.984375","-26838.984375","-26838.984375","-7382.90625","-7382.90625","-7382.90625"
"97","-8872.8125","-8872.8125","-8872.8125","-6709.09375","-6709.09375","-6709.09375","-8024.8017578125","-8024.8017578125","-8024.8017578125","-13729.87109375","-13729.87109375","-13729.87109375","-32964.46875","-32964.46875","-32964.46875","-26698.77734375","-26698.77734375","-26698.77734375","-7621.90234375","-7621.90234375","-7621.90234375"
"98","-8624.8359375","-8624.8359375","-8624.8359375","-6630.40625","-6630.40625","-6630.40625","-7961.1865234375","-7961.1865234375","-7961.1865234375","-13793.935546875","-13793.935546875","-13793.935546875","-32525.94921875","-32525.94921875","-32525.94921875","-26743.00390625","-26743.00390625","-26743.00390625","-7467.052734375","-7467.052734375","-7467.052734375"
"99","-8808.236328125","-8808.236328125","-8808.236328125","-6709.43359375","-6709.43359375","-6709.43359375","-7913.1669921875","-7913.1669921875","-7913.1669921875","-13916.953125","-13916.953125","-13916.953125","-32419.017578125","-32419.017578125","-32419.017578125","-26753.787109375","-26753.787109375","-26753.787109375","-7554.181640625","-7554.181640625","-7554.181640625"