"Step","DS2-phase1 - Log ZCSMC","DS2-phase1 - Log ZCSMC__MIN","DS2-phase1 - Log ZCSMC__MAX","DS5-phase1 - Log ZCSMC","DS5-phase1 - Log ZCSMC__MIN","DS5-phase1 - Log ZCSMC__MAX","DS4-phase1 - Log ZCSMC","DS4-phase1 - Log ZCSMC__MIN","DS4-phase1 - Log ZCSMC__MAX","DS6-phase1 - Log ZCSMC","DS6-phase1 - Log ZCSMC__MIN","DS6-phase1 - Log ZCSMC__MAX","DS3-phase1 - Log ZCSMC","DS3-phase1 - Log ZCSMC__MIN","DS3-phase1 - Log ZCSMC__MAX","DS8-phase1 - Log ZCSMC","DS8-phase1 - Log ZCSMC__MIN","DS8-phase1 - Log ZCSMC__MAX"
"0","-29756.404296875","-29756.404296875","-29756.404296875","-8788.3916015625","-8788.3916015625","-8788.3916015625","-14977.2578125","-14977.2578125","-14977.2578125","-7827.708984375","-7827.708984375","-7827.708984375","-37708.3359375","-37708.3359375","-37708.3359375","-10265.4375","-10265.4375","-10265.4375"
"1","-28233.54296875","-28233.54296875","-28233.54296875","-8617.09375","-8617.09375","-8617.09375","-14867.755859375","-14867.755859375","-14867.755859375","-7428.541015625","-7428.541015625","-7428.541015625","-35162.52734375","-35162.52734375","-35162.52734375","-9783.015625","-9783.015625","-9783.015625"
"2","-27461.5","-27461.5","-27461.5","-8554.291015625","-8554.291015625","-8554.291015625","-14739.9140625","-14739.9140625","-14739.9140625","-7213.296875","-7213.296875","-7213.296875","-33714.5859375","-33714.5859375","-33714.5859375","-9423.62109375","-9423.62109375","-9423.62109375"
"3","-27158.75390625","-27158.75390625","-27158.75390625","-8465.2099609375","-8465.2099609375","-8465.2099609375","-14625.50390625","-14625.50390625","-14625.50390625","-7180.380859375","-7180.380859375","-7180.380859375","-33570.9140625","-33570.9140625","-33570.9140625","-9448.787109375","-9448.787109375","-9448.787109375"
"4","-27056.9609375","-27056.9609375","-27056.9609375","-8534.5517578125","-8534.5517578125","-8534.5517578125","-14532.37109375","-14532.37109375","-14532.37109375","-7156.712890625","-7156.712890625","-7156.712890625","-33962.4296875","-33962.4296875","-33962.4296875","-9389.986328125","-9389.986328125","-9389.986328125"
"5","-27149.47265625","-27149.47265625","-27149.47265625","-8442.9228515625","-8442.9228515625","-8442.9228515625","-14458.23828125","-14458.23828125","-14458.23828125","-7191.626953125","-7191.626953125","-7191.626953125","-33259.953125","-33259.953125","-33259.953125","-9388.443359375","-9388.443359375","-9388.443359375"
"6","-27182.740234375","-27182.740234375","-27182.740234375","-8418.435546875","-8418.435546875","-8418.435546875","-14393.376953125","-14393.376953125","-14393.376953125","-7096.7890625","-7096.7890625","-7096.7890625","-33193.28515625","-33193.28515625","-33193.28515625","-9399.328125","-9399.328125","-9399.328125"
"7","-27361.48828125","-27361.48828125","-27361.48828125","-8428.19921875","-8428.19921875","-8428.19921875","-14344.779296875","-14344.779296875","-14344.779296875","-7096.921875","-7096.921875","-7096.921875","-33250.6171875","-33250.6171875","-33250.6171875","-9352.263671875","-9352.263671875","-9352.263671875"
"8","-27274.021484375","-27274.021484375","-27274.021484375","-8377.5869140625","-8377.5869140625","-8377.5869140625","-14303.18359375","-14303.18359375","-14303.18359375","-7070.830078125","-7070.830078125","-7070.830078125","-33203.27734375","-33203.27734375","-33203.27734375","-9349.970703125","-9349.970703125","-9349.970703125"
"9","-27505.6171875","-27505.6171875","-27505.6171875","-8366.931640625","-8366.931640625","-8366.931640625","-14268.353515625","-14268.353515625","-14268.353515625","-7024.833984375","-7024.833984375","-7024.833984375","-33192.12109375","-33192.12109375","-33192.12109375","-9342.71484375","-9342.71484375","-9342.71484375"
"10","-27474.30078125","-27474.30078125","-27474.30078125","-8359.984375","-8359.984375","-8359.984375","-14235.78515625","-14235.78515625","-14235.78515625","-6993.8515625","-6993.8515625","-6993.8515625","-33273.66796875","-33273.66796875","-33273.66796875","-9294.97265625","-9294.97265625","-9294.97265625"
"11","-27254.25390625","-27254.25390625","-27254.25390625","-8354.7646484375","-8354.7646484375","-8354.7646484375","-14211.306640625","-14211.306640625","-14211.306640625","-6974.537109375","-6974.537109375","-6974.537109375","-33153.9296875","-33153.9296875","-33153.9296875","-9357.26171875","-9357.26171875","-9357.26171875"
"12","-27209.708984375","-27209.708984375","-27209.708984375","-8356.3720703125","-8356.3720703125","-8356.3720703125","-14193.396484375","-14193.396484375","-14193.396484375","-6972.01953125","-6972.01953125","-6972.01953125","-33110.46875","-33110.46875","-33110.46875","-9536.376953125","-9536.376953125","-9536.376953125"
"13","-27328.416015625","-27328.416015625","-27328.416015625","-8322.40625","-8322.40625","-8322.40625","-14175.40625","-14175.40625","-14175.40625","-6965.8515625","-6965.8515625","-6965.8515625","-33065.68359375","-33065.68359375","-33065.68359375","-9492.447265625","-9492.447265625","-9492.447265625"
"14","-27294.376953125","-27294.376953125","-27294.376953125","-8291.75390625","-8291.75390625","-8291.75390625","-14163.353515625","-14163.353515625","-14163.353515625","-6898.806640625","-6898.806640625","-6898.806640625","-32958.1796875","-32958.1796875","-32958.1796875","-9479.5703125","-9479.5703125","-9479.5703125"
"15","-27237.390625","-27237.390625","-27237.390625","-8306.4931640625","-8306.4931640625","-8306.4931640625","-14141.72265625","-14141.72265625","-14141.72265625","-6963.013671875","-6963.013671875","-6963.013671875","-33025.09375","-33025.09375","-33025.09375","-9520.71484375","-9520.71484375","-9520.71484375"
"16","-27031.853515625","-27031.853515625","-27031.853515625","-8315.86328125","-8315.86328125","-8315.86328125","-14134.2578125","-14134.2578125","-14134.2578125","-7010.62890625","-7010.62890625","-7010.62890625","-32974.484375","-32974.484375","-32974.484375","-9468.32421875","-9468.32421875","-9468.32421875"
"17","-26845.736328125","-26845.736328125","-26845.736328125","-8293.212890625","-8293.212890625","-8293.212890625","-14123.66015625","-14123.66015625","-14123.66015625","-6938.162109375","-6938.162109375","-6938.162109375","-32677.9921875","-32677.9921875","-32677.9921875","-9342.3203125","-9342.3203125","-9342.3203125"
"18","-26819.869140625","-26819.869140625","-26819.869140625","-8278.4404296875","-8278.4404296875","-8278.4404296875","-14104.810546875","-14104.810546875","-14104.810546875","-6935.203125","-6935.203125","-6935.203125","-32625.966796875","-32625.966796875","-32625.966796875","-9348.220703125","-9348.220703125","-9348.220703125"
"19","-26800.798828125","-26800.798828125","-26800.798828125","-8300.23828125","-8300.23828125","-8300.23828125","-14097.65625","-14097.65625","-14097.65625","-6931.90625","-6931.90625","-6931.90625","-32589.673828125","-32589.673828125","-32589.673828125","-9449.484375","-9449.484375","-9449.484375"
"20","-26962.154296875","-26962.154296875","-26962.154296875","-8290.9736328125","-8290.9736328125","-8290.9736328125","-14089.498046875","-14089.498046875","-14089.498046875","-6883.921875","-6883.921875","-6883.921875","-32564.25","-32564.25","-32564.25","-9405.7109375","-9405.7109375","-9405.7109375"
"21","-26931.412109375","-26931.412109375","-26931.412109375","-8294.2783203125","-8294.2783203125","-8294.2783203125","-14077.75","-14077.75","-14077.75","-6978.341796875","-6978.341796875","-6978.341796875","-32541.34375","-32541.34375","-32541.34375","-9399.1484375","-9399.1484375","-9399.1484375"
"22","-26917.26171875","-26917.26171875","-26917.26171875","-8285.171875","-8285.171875","-8285.171875","-14068.150390625","-14068.150390625","-14068.150390625","-6913.6640625","-6913.6640625","-6913.6640625","-32522.26953125","-32522.26953125","-32522.26953125","-9402.0390625","-9402.0390625","-9402.0390625"
"23","-26840.02734375","-26840.02734375","-26840.02734375","-8250.4619140625","-8250.4619140625","-8250.4619140625","-14057.392578125","-14057.392578125","-14057.392578125","-6826.78125","-6826.78125","-6826.78125","-32573.125","-32573.125","-32573.125","-9388.8515625","-9388.8515625","-9388.8515625"
"24","-26821.623046875","-26821.623046875","-26821.623046875","-8245.046875","-8245.046875","-8245.046875","-14047.921875","-14047.921875","-14047.921875","-6821.541015625","-6821.541015625","-6821.541015625","-32566.275390625","-32566.275390625","-32566.275390625","-9412.638671875","-9412.638671875","-9412.638671875"
"25","-26844.580078125","-26844.580078125","-26844.580078125","-8272.7861328125","-8272.7861328125","-8272.7861328125","-14047.142578125","-14047.142578125","-14047.142578125","-6833.51953125","-6833.51953125","-6833.51953125","-32565.45703125","-32565.45703125","-32565.45703125","-9332.763671875","-9332.763671875","-9332.763671875"
"26","-26846.720703125","-26846.720703125","-26846.720703125","-8250.4794921875","-8250.4794921875","-8250.4794921875","-14024.140625","-14024.140625","-14024.140625","-6885.310546875","-6885.310546875","-6885.310546875","-32549.669921875","-32549.669921875","-32549.669921875","-9231.345703125","-9231.345703125","-9231.345703125"
"27","-26853.5703125","-26853.5703125","-26853.5703125","-8260.22265625","-8260.22265625","-8260.22265625","-14008.41015625","-14008.41015625","-14008.41015625","-6904.65625","-6904.65625","-6904.65625","-32541.501953125","-32541.501953125","-32541.501953125","-9194.87109375","-9194.87109375","-9194.87109375"
"28","-27021.51171875","-27021.51171875","-27021.51171875","-8241.32421875","-8241.32421875","-8241.32421875","-13995.66015625","-13995.66015625","-13995.66015625","-6886.09765625","-6886.09765625","-6886.09765625","-32511.234375","-32511.234375","-32511.234375","-9181.490234375","-9181.490234375","-9181.490234375"
"29","-27066.25390625","-27066.25390625","-27066.25390625","-8238.7001953125","-8238.7001953125","-8238.7001953125","-13982.61328125","-13982.61328125","-13982.61328125","-6889.27734375","-6889.27734375","-6889.27734375","-32505.408203125","-32505.408203125","-32505.408203125","-9171.720703125","-9171.720703125","-9171.720703125"
"30","-27060.45703125","-27060.45703125","-27060.45703125","-8224.8515625","-8224.8515625","-8224.8515625","-13971.40234375","-13971.40234375","-13971.40234375","-6862.0234375","-6862.0234375","-6862.0234375","-32501.220703125","-32501.220703125","-32501.220703125","-9221.625","-9221.625","-9221.625"
"31","-27005.009765625","-27005.009765625","-27005.009765625","-8204.1875","-8204.1875","-8204.1875","-13962.287109375","-13962.287109375","-13962.287109375","-6844.4140625","-6844.4140625","-6844.4140625","-32562.01953125","-32562.01953125","-32562.01953125","-9425.001953125","-9425.001953125","-9425.001953125"
"32","-27039.41796875","-27039.41796875","-27039.41796875","-8251.142578125","-8251.142578125","-8251.142578125","-13954.02734375","-13954.02734375","-13954.02734375","-6864.193359375","-6864.193359375","-6864.193359375","-32558.552734375","-32558.552734375","-32558.552734375","-9423.83203125","-9423.83203125","-9423.83203125"
"33","-27025.716796875","-27025.716796875","-27025.716796875","-8214.14453125","-8214.14453125","-8214.14453125","-13961.34375","-13961.34375","-13961.34375","-6848.9296875","-6848.9296875","-6848.9296875","-32490.732421875","-32490.732421875","-32490.732421875","-9645.119140625","-9645.119140625","-9645.119140625"
"34","-26975.486328125","-26975.486328125","-26975.486328125","-8197.2001953125","-8197.2001953125","-8197.2001953125","-13946.07421875","-13946.07421875","-13946.07421875","-6792.015625","-6792.015625","-6792.015625","-32500.759765625","-32500.759765625","-32500.759765625","-9445.3671875","-9445.3671875","-9445.3671875"
"35","-26964.916015625","-26964.916015625","-26964.916015625","-8187.8056640625","-8187.8056640625","-8187.8056640625","-13940.73828125","-13940.73828125","-13940.73828125","-6841.783203125","-6841.783203125","-6841.783203125","-32494.8359375","-32494.8359375","-32494.8359375","-9336.958984375","-9336.958984375","-9336.958984375"
"36","-26953.13671875","-26953.13671875","-26953.13671875","-8210.5771484375","-8210.5771484375","-8210.5771484375","-13947.63671875","-13947.63671875","-13947.63671875","-6823.328125","-6823.328125","-6823.328125","-32486.7578125","-32486.7578125","-32486.7578125","-9364.01953125","-9364.01953125","-9364.01953125"
"37","-26946.251953125","-26946.251953125","-26946.251953125","-8286.3759765625","-8286.3759765625","-8286.3759765625","-13944.36328125","-13944.36328125","-13944.36328125","-6818.35546875","-6818.35546875","-6818.35546875","-32478.458984375","-32478.458984375","-32478.458984375","-9324.5546875","-9324.5546875","-9324.5546875"
"38","-26773.724609375","-26773.724609375","-26773.724609375","-8258.326171875","-8258.326171875","-8258.326171875","-13937.5","-13937.5","-13937.5","-6777.951171875","-6777.951171875","-6777.951171875","-32472.25","-32472.25","-32472.25","-9350.9609375","-9350.9609375","-9350.9609375"
"39","-26775.65234375","-26775.65234375","-26775.65234375","-8254.4541015625","-8254.4541015625","-8254.4541015625","-13932.3046875","-13932.3046875","-13932.3046875","-6824.07421875","-6824.07421875","-6824.07421875","-32466.3203125","-32466.3203125","-32466.3203125","-9463.138671875","-9463.138671875","-9463.138671875"
"40","-26765.630859375","-26765.630859375","-26765.630859375","-8214.19140625","-8214.19140625","-8214.19140625","-13928.4453125","-13928.4453125","-13928.4453125","-6817.5234375","-6817.5234375","-6817.5234375","-32464.6484375","-32464.6484375","-32464.6484375","-9368.41015625","-9368.41015625","-9368.41015625"
"41","-26753.025390625","-26753.025390625","-26753.025390625","-8270.810546875","-8270.810546875","-8270.810546875","-13926.091796875","-13926.091796875","-13926.091796875","-6820.48046875","-6820.48046875","-6820.48046875","-32461.2578125","-32461.2578125","-32461.2578125","-9491.81640625","-9491.81640625","-9491.81640625"
"42","-26918.51171875","-26918.51171875","-26918.51171875","-8225.7646484375","-8225.7646484375","-8225.7646484375","-13924.63671875","-13924.63671875","-13924.63671875","-6775.673828125","-6775.673828125","-6775.673828125","-32458.982421875","-32458.982421875","-32458.982421875","-9479.484375","-9479.484375","-9479.484375"
"43","-26916.060546875","-26916.060546875","-26916.060546875","-8197.478515625","-8197.478515625","-8197.478515625","-13922.685546875","-13922.685546875","-13922.685546875","-6837.1171875","-6837.1171875","-6837.1171875","-32450.810546875","-32450.810546875","-32450.810546875","-9456.845703125","-9456.845703125","-9456.845703125"
"44","-26934.046875","-26934.046875","-26934.046875","-8189.4482421875","-8189.4482421875","-8189.4482421875","-13920.603515625","-13920.603515625","-13920.603515625","-6794.51171875","-6794.51171875","-6794.51171875","-32445.85546875","-32445.85546875","-32445.85546875","-9272.7734375","-9272.7734375","-9272.7734375"
"45","-26907.501953125","-26907.501953125","-26907.501953125","-8235.888671875","-8235.888671875","-8235.888671875","-13915.203125","-13915.203125","-13915.203125","-6797.330078125","-6797.330078125","-6797.330078125","-32441.982421875","-32441.982421875","-32441.982421875","-9283.2421875","-9283.2421875","-9283.2421875"
"46","-26905.85546875","-26905.85546875","-26905.85546875","-8168.1123046875","-8168.1123046875","-8168.1123046875","-13915.96875","-13915.96875","-13915.96875","-6792.369140625","-6792.369140625","-6792.369140625","-32435.953125","-32435.953125","-32435.953125","-9092.10546875","-9092.10546875","-9092.10546875"
"47","-26919.65234375","-26919.65234375","-26919.65234375","-8253.7158203125","-8253.7158203125","-8253.7158203125","-13910.6484375","-13910.6484375","-13910.6484375","-6823.169921875","-6823.169921875","-6823.169921875","-32436.734375","-32436.734375","-32436.734375","-9074.546875","-9074.546875","-9074.546875"
"48","-26892.939453125","-26892.939453125","-26892.939453125","-8256.4169921875","-8256.4169921875","-8256.4169921875","-13910.490234375","-13910.490234375","-13910.490234375","-6786.28515625","-6786.28515625","-6786.28515625","-32434.06640625","-32434.06640625","-32434.06640625","-9144.33203125","-9144.33203125","-9144.33203125"
"49","-26902.044921875","-26902.044921875","-26902.044921875","-8227.072265625","-8227.072265625","-8227.072265625","-13904.16015625","-13904.16015625","-13904.16015625","-6824.17578125","-6824.17578125","-6824.17578125","-32431.48828125","-32431.48828125","-32431.48828125","-9192.7109375","-9192.7109375","-9192.7109375"
"50","-26923.083984375","-26923.083984375","-26923.083984375","-8257.427734375","-8257.427734375","-8257.427734375","-13906.259765625","-13906.259765625","-13906.259765625","-6826.353515625","-6826.353515625","-6826.353515625","-32428.349609375","-32428.349609375","-32428.349609375","-9341.12890625","-9341.12890625","-9341.12890625"
"51","-26876.28515625","-26876.28515625","-26876.28515625","-8249.369140625","-8249.369140625","-8249.369140625","-13905.162109375","-13905.162109375","-13905.162109375","-6818.103515625","-6818.103515625","-6818.103515625","-32425.091796875","-32425.091796875","-32425.091796875","-9399.67578125","-9399.67578125","-9399.67578125"
"52","-26871.59765625","-26871.59765625","-26871.59765625","-8189.37890625","-8189.37890625","-8189.37890625","-13900.234375","-13900.234375","-13900.234375","-6787.72265625","-6787.72265625","-6787.72265625","-32421.84765625","-32421.84765625","-32421.84765625","-9269.19921875","-9269.19921875","-9269.19921875"
"53","-26882.576171875","-26882.576171875","-26882.576171875","-8203.8271484375","-8203.8271484375","-8203.8271484375","-13902.828125","-13902.828125","-13902.828125","-6902.837890625","-6902.837890625","-6902.837890625","-32418.326171875","-32418.326171875","-32418.326171875","-9216.033203125","-9216.033203125","-9216.033203125"
"54","-26880.728515625","-26880.728515625","-26880.728515625","-8232.220703125","-8232.220703125","-8232.220703125","-13899.48046875","-13899.48046875","-13899.48046875","-6774.0234375","-6774.0234375","-6774.0234375","-32415.78515625","-32415.78515625","-32415.78515625","-9138.451171875","-9138.451171875","-9138.451171875"
"55","-26700.90234375","-26700.90234375","-26700.90234375","-8228.6689453125","-8228.6689453125","-8228.6689453125","-13897.787109375","-13897.787109375","-13897.787109375","-6764.859375","-6764.859375","-6764.859375","-32412.91015625","-32412.91015625","-32412.91015625","-9109.666015625","-9109.666015625","-9109.666015625"
"56","-26684.53125","-26684.53125","-26684.53125","-8201.4296875","-8201.4296875","-8201.4296875","-13896.224609375","-13896.224609375","-13896.224609375","-6761.509765625","-6761.509765625","-6761.509765625","-32409.80078125","-32409.80078125","-32409.80078125","-9098.78515625","-9098.78515625","-9098.78515625"
"57","-26691.515625","-26691.515625","-26691.515625","-8196.4248046875","-8196.4248046875","-8196.4248046875","-13895.50390625","-13895.50390625","-13895.50390625","-6782.54296875","-6782.54296875","-6782.54296875","-32407.1171875","-32407.1171875","-32407.1171875","-9148.921875","-9148.921875","-9148.921875"
"58","-26864.302734375","-26864.302734375","-26864.302734375","-8214.896484375","-8214.896484375","-8214.896484375","-13895.544921875","-13895.544921875","-13895.544921875","-6784.8984375","-6784.8984375","-6784.8984375","-32404.3828125","-32404.3828125","-32404.3828125","-9144.3125","-9144.3125","-9144.3125"
"59","-26860.65625","-26860.65625","-26860.65625","-8227.36328125","-8227.36328125","-8227.36328125","-13893.41015625","-13893.41015625","-13893.41015625","-6777.71875","-6777.71875","-6777.71875","-32401.998046875","-32401.998046875","-32401.998046875","-9127.8203125","-9127.8203125","-9127.8203125"
"60","-26867.26953125","-26867.26953125","-26867.26953125","-8224.931640625","-8224.931640625","-8224.931640625","-13893.46484375","-13893.46484375","-13893.46484375","-6764.587890625","-6764.587890625","-6764.587890625","-32400.78125","-32400.78125","-32400.78125","-9144.4140625","-9144.4140625","-9144.4140625"
"61","-26680.314453125","-26680.314453125","-26680.314453125","-8220.2998046875","-8220.2998046875","-8220.2998046875","-13891.6328125","-13891.6328125","-13891.6328125","-6764.314453125","-6764.314453125","-6764.314453125","-32354.751953125","-32354.751953125","-32354.751953125","-9082.431640625","-9082.431640625","-9082.431640625"
"62","-26675.205078125","-26675.205078125","-26675.205078125","-8213.541015625","-8213.541015625","-8213.541015625","-13890.029296875","-13890.029296875","-13890.029296875","-6770.271484375","-6770.271484375","-6770.271484375","-32350.150390625","-32350.150390625","-32350.150390625","-9186.521484375","-9186.521484375","-9186.521484375"
"63","-26688.21875","-26688.21875","-26688.21875","-8257.0361328125","-8257.0361328125","-8257.0361328125","-13891.546875","-13891.546875","-13891.546875","-6762.263671875","-6762.263671875","-6762.263671875","-32346.076171875","-32346.076171875","-32346.076171875","-9196.8984375","-9196.8984375","-9196.8984375"
"64","-26659.849609375","-26659.849609375","-26659.849609375","-8211.3125","-8211.3125","-8211.3125","-13892.32421875","-13892.32421875","-13892.32421875","-6768.697265625","-6768.697265625","-6768.697265625","-32393.09375","-32393.09375","-32393.09375","-9149.3671875","-9149.3671875","-9149.3671875"
"65","-26660.94140625","-26660.94140625","-26660.94140625","-8215.8515625","-8215.8515625","-8215.8515625","-13888.8359375","-13888.8359375","-13888.8359375","-6764.724609375","-6764.724609375","-6764.724609375","-32388.9765625","-32388.9765625","-32388.9765625","-9137.765625","-9137.765625","-9137.765625"
"66","-26655.59375","-26655.59375","-26655.59375","-8236.07421875","-8236.07421875","-8236.07421875","-13891.27734375","-13891.27734375","-13891.27734375","-6742.330078125","-6742.330078125","-6742.330078125","-32337.998046875","-32337.998046875","-32337.998046875","-9104.939453125","-9104.939453125","-9104.939453125"
"67","-26649.76171875","-26649.76171875","-26649.76171875","-8230.47265625","-8230.47265625","-8230.47265625","-13882.068359375","-13882.068359375","-13882.068359375","-6755.0703125","-6755.0703125","-6755.0703125","-32385.103515625","-32385.103515625","-32385.103515625","-9170.60546875","-9170.60546875","-9170.60546875"
"68","-26643.177734375","-26643.177734375","-26643.177734375","-8231.54296875","-8231.54296875","-8231.54296875","-13884.578125","-13884.578125","-13884.578125","-6750.74609375","-6750.74609375","-6750.74609375","-32381.625","-32381.625","-32381.625","-9151.67578125","-9151.67578125","-9151.67578125"
"69","-26644.779296875","-26644.779296875","-26644.779296875","-8218.1220703125","-8218.1220703125","-8218.1220703125","-13884.41015625","-13884.41015625","-13884.41015625","-6751.37890625","-6751.37890625","-6751.37890625","-32328.5859375","-32328.5859375","-32328.5859375","-9198.01171875","-9198.01171875","-9198.01171875"
"70","-26647.650390625","-26647.650390625","-26647.650390625","-8202.3828125","-8202.3828125","-8202.3828125","-13888.3984375","-13888.3984375","-13888.3984375","-6738.185546875","-6738.185546875","-6738.185546875","-32325.26953125","-32325.26953125","-32325.26953125","-9126.931640625","-9126.931640625","-9126.931640625"
"71","-26631.689453125","-26631.689453125","-26631.689453125","-8191.8203125","-8191.8203125","-8191.8203125","-13881.9921875","-13881.9921875","-13881.9921875","-6741.25390625","-6741.25390625","-6741.25390625","-32320.271484375","-32320.271484375","-32320.271484375","-9145.939453125","-9145.939453125","-9145.939453125"
"72","-26724.34375","-26724.34375","-26724.34375","-8194.517578125","-8194.517578125","-8194.517578125","-13883.265625","-13883.265625","-13883.265625","-6755.828125","-6755.828125","-6755.828125","-32407.970703125","-32407.970703125","-32407.970703125","-9042.087890625","-9042.087890625","-9042.087890625"
"73","-26625.853515625","-26625.853515625","-26625.853515625","-8171.689453125","-8171.689453125","-8171.689453125","-13886.73828125","-13886.73828125","-13886.73828125","-6739.474609375","-6739.474609375","-6739.474609375","-32355.939453125","-32355.939453125","-32355.939453125","-9119.40234375","-9119.40234375","-9119.40234375"
"74","-26639.3515625","-26639.3515625","-26639.3515625","-8217.7080078125","-8217.7080078125","-8217.7080078125","-13878.38671875","-13878.38671875","-13878.38671875","-6747.537109375","-6747.537109375","-6747.537109375","-32392.75","-32392.75","-32392.75","-9054.5859375","-9054.5859375","-9054.5859375"
"75","-26634.41015625","-26634.41015625","-26634.41015625","-8197.283203125","-8197.283203125","-8197.283203125","-13880.20703125","-13880.20703125","-13880.20703125","-6742.3828125","-6742.3828125","-6742.3828125","-32341.375","-32341.375","-32341.375","-9080.125","-9080.125","-9080.125"
"76","-26627.70703125","-26627.70703125","-26627.70703125","-8113.73828125","-8113.73828125","-8113.73828125","-13875.0703125","-13875.0703125","-13875.0703125","-6727.59375","-6727.59375","-6727.59375","-32333.05078125","-32333.05078125","-32333.05078125","-9016.44140625","-9016.44140625","-9016.44140625"
"77","-26631.04296875","-26631.04296875","-26631.04296875","-8189.1611328125","-8189.1611328125","-8189.1611328125","-13877.84765625","-13877.84765625","-13877.84765625","-6713.251953125","-6713.251953125","-6713.251953125","-32322.240234375","-32322.240234375","-32322.240234375","-9052.2578125","-9052.2578125","-9052.2578125"
"78","-26640.3828125","-26640.3828125","-26640.3828125","-8144.35498046875","-8144.35498046875","-8144.35498046875","-13875.849609375","-13875.849609375","-13875.849609375","-6715.55859375","-6715.55859375","-6715.55859375","-32312.818359375","-32312.818359375","-32312.818359375","-9054.109375","-9054.109375","-9054.109375"
"79","-26635.974609375","-26635.974609375","-26635.974609375","-8123.6494140625","-8123.6494140625","-8123.6494140625","-13877.359375","-13877.359375","-13877.359375","-6602.90625","-6602.90625","-6602.90625","-32300.734375","-32300.734375","-32300.734375","-9055.04296875","-9055.04296875","-9055.04296875"
"80","-26623.0703125","-26623.0703125","-26623.0703125","-8232.1435546875","-8232.1435546875","-8232.1435546875","-13877.412109375","-13877.412109375","-13877.412109375","-6737.697265625","-6737.697265625","-6737.697265625","-32335.3125","-32335.3125","-32335.3125","-9019.2421875","-9019.2421875","-9019.2421875"
"81","-26629.650390625","-26629.650390625","-26629.650390625","-8122.0205078125","-8122.0205078125","-8122.0205078125","-13876.328125","-13876.328125","-13876.328125","-6736.94921875","-6736.94921875","-6736.94921875","-32321.8828125","-32321.8828125","-32321.8828125","-8973.533203125","-8973.533203125","-8973.533203125"
"82","-26611.998046875","-26611.998046875","-26611.998046875","-8147.89453125","-8147.89453125","-8147.89453125","-13875.654296875","-13875.654296875","-13875.654296875","-6736.384765625","-6736.384765625","-6736.384765625","-32308.77734375","-32308.77734375","-32308.77734375","-8977.125","-8977.125","-8977.125"
"83","-26632.1328125","-26632.1328125","-26632.1328125","-8090.51806640625","-8090.51806640625","-8090.51806640625","-13874.890625","-13874.890625","-13874.890625","-6734.3984375","-6734.3984375","-6734.3984375","-32292.03125","-32292.03125","-32292.03125","-8993.4453125","-8993.4453125","-8993.4453125"
"84","-26629.6015625","-26629.6015625","-26629.6015625","-8108.10986328125","-8108.10986328125","-8108.10986328125","-13872.740234375","-13872.740234375","-13872.740234375","-6714.0390625","-6714.0390625","-6714.0390625","-32278.642578125","-32278.642578125","-32278.642578125","-8966.57421875","-8966.57421875","-8966.57421875"
"85","-26621.75390625","-26621.75390625","-26621.75390625","-8073.55859375","-8073.55859375","-8073.55859375","-13875.8515625","-13875.8515625","-13875.8515625","-6739.416015625","-6739.416015625","-6739.416015625","-32165.61328125","-32165.61328125","-32165.61328125","-9088.1796875","-9088.1796875","-9088.1796875"
"86","-26618.572265625","-26618.572265625","-26618.572265625","-8071.6640625","-8071.6640625","-8071.6640625","-13874.0703125","-13874.0703125","-13874.0703125","-6721.611328125","-6721.611328125","-6721.611328125","-32143.26953125","-32143.26953125","-32143.26953125","-9009.45703125","-9009.45703125","-9009.45703125"
"87","-26620.564453125","-26620.564453125","-26620.564453125","-8024.361328125","-8024.361328125","-8024.361328125","-13874.6875","-13874.6875","-13874.6875","-6885.177734375","-6885.177734375","-6885.177734375","-32183.625","-32183.625","-32183.625","-9006.318359375","-9006.318359375","-9006.318359375"
"88","-26619.375","-26619.375","-26619.375","-8025.412109375","-8025.412109375","-8025.412109375","-13874.294921875","-13874.294921875","-13874.294921875","-6892.462890625","-6892.462890625","-6892.462890625","-32168.28125","-32168.28125","-32168.28125","-9038.224609375","-9038.224609375","-9038.224609375"
"89","-26619.40625","-26619.40625","-26619.40625","-8049.380859375","-8049.380859375","-8049.380859375","-13872.498046875","-13872.498046875","-13872.498046875","-6892.484375","-6892.484375","-6892.484375","-32146.6796875","-32146.6796875","-32146.6796875","-9032.3203125","-9032.3203125","-9032.3203125"
"90","-26615.529296875","-26615.529296875","-26615.529296875","-8053.205078125","-8053.205078125","-8053.205078125","-13869.88671875","-13869.88671875","-13869.88671875","-6950.390625","-6950.390625","-6950.390625","-32116.05078125","-32116.05078125","-32116.05078125","-9071.00390625","-9071.00390625","-9071.00390625"
"91","-26606.20703125","-26606.20703125","-26606.20703125","-8098.916015625","-8098.916015625","-8098.916015625","-13866.5703125","-13866.5703125","-13866.5703125","-6858.5546875","-6858.5546875","-6858.5546875","-32106.328125","-32106.328125","-32106.328125","-8991.99609375","-8991.99609375","-8991.99609375"
"92","-26604.5703125","-26604.5703125","-26604.5703125","-8091.3603515625","-8091.3603515625","-8091.3603515625","-13870.638671875","-13870.638671875","-13870.638671875","-6761.369140625","-6761.369140625","-6761.369140625","-32460.26953125","-32460.26953125","-32460.26953125","-9030.611328125","-9030.611328125","-9030.611328125"
"93","-26600.16796875","-26600.16796875","-26600.16796875","-8090.23681640625","-8090.23681640625","-8090.23681640625","-13871.59375","-13871.59375","-13871.59375","-6774.70703125","-6774.70703125","-6774.70703125","-32375.35546875","-32375.35546875","-32375.35546875","-9048.76171875","-9048.76171875","-9048.76171875"
"94","-26832.572265625","-26832.572265625","-26832.572265625","-8082.23779296875","-8082.23779296875","-8082.23779296875","-13868.234375","-13868.234375","-13868.234375","-6770.517578125","-6770.517578125","-6770.517578125","-32272.4453125","-32272.4453125","-32272.4453125","-9054.51953125","-9054.51953125","-9054.51953125"
"95","-26596.443359375","-26596.443359375","-26596.443359375","-8077.853515625","-8077.853515625","-8077.853515625","-13870.833984375","-13870.833984375","-13870.833984375","-6793.318359375","-6793.318359375","-6793.318359375","-32529.0625","-32529.0625","-32529.0625","-9053.005859375","-9053.005859375","-9053.005859375"
"96","-26612.576171875","-26612.576171875","-26612.576171875","-8086.31640625","-8086.31640625","-8086.31640625","-13868.56640625","-13868.56640625","-13868.56640625","-6890.669921875","-6890.669921875","-6890.669921875","-32442.47265625","-32442.47265625","-32442.47265625","-9053.00390625","-9053.00390625","-9053.00390625"
"97","-26614.77734375","-26614.77734375","-26614.77734375","-8113.263671875","-8113.263671875","-8113.263671875","-13868.87890625","-13868.87890625","-13868.87890625","-6873.919921875","-6873.919921875","-6873.919921875","-32630.37109375","-32630.37109375","-32630.37109375","-8971.28125","-8971.28125","-8971.28125"
"98","-26613.80859375","-26613.80859375","-26613.80859375","-8094.39111328125","-8094.39111328125","-8094.39111328125","-13870.486328125","-13870.486328125","-13870.486328125","-6849.05859375","-6849.05859375","-6849.05859375","-32680.5390625","-32680.5390625","-32680.5390625","-8991.021484375","-8991.021484375","-8991.021484375"
"99","-26612.2109375","-26612.2109375","-26612.2109375","-8103.3134765625","-8103.3134765625","-8103.3134765625","-13867.326171875","-13867.326171875","-13867.326171875","-6793.58984375","-6793.58984375","-6793.58984375","-32836.38671875","-32836.38671875","-32836.38671875","-8954.1640625","-8954.1640625","-8954.1640625"
"100","-26814.783203125","-26814.783203125","-26814.783203125","-8093.14501953125","-8093.14501953125","-8093.14501953125","-13865.224609375","-13865.224609375","-13865.224609375","-7127.76953125","-7127.76953125","-7127.76953125","-33223.0078125","-33223.0078125","-33223.0078125","-8938.44921875","-8938.44921875","-8938.44921875"
"101","-26600.0625","-26600.0625","-26600.0625","-8123.921875","-8123.921875","-8123.921875","-13868.640625","-13868.640625","-13868.640625","-6884.484375","-6884.484375","-6884.484375","-33793.3671875","-33793.3671875","-33793.3671875","-9042.142578125","-9042.142578125","-9042.142578125"
"102","-26603.599609375","-26603.599609375","-26603.599609375","-8106.13525390625","-8106.13525390625","-8106.13525390625","-13868.39453125","-13868.39453125","-13868.39453125","-6885.37890625","-6885.37890625","-6885.37890625","-33385.3828125","-33385.3828125","-33385.3828125","-8939.806640625","-8939.806640625","-8939.806640625"
"103","-26600.447265625","-26600.447265625","-26600.447265625","-8174.125","-8174.125","-8174.125","-13867.861328125","-13867.861328125","-13867.861328125","-6852.87109375","-6852.87109375","-6852.87109375","-33627.71875","-33627.71875","-33627.71875","-8962.27734375","-8962.27734375","-8962.27734375"
"104","-26851.6796875","-26851.6796875","-26851.6796875","-8111.767578125","-8111.767578125","-8111.767578125","-13868.658203125","-13868.658203125","-13868.658203125","-6943.171875","-6943.171875","-6943.171875","-33407.50390625","-33407.50390625","-33407.50390625","-9097.84375","-9097.84375","-9097.84375"
"105","-26831.94921875","-26831.94921875","-26831.94921875","-8034.484375","-8034.484375","-8034.484375","-13868.724609375","-13868.724609375","-13868.724609375","-6930.810546875","-6930.810546875","-6930.810546875","-33984.1015625","-33984.1015625","-33984.1015625","-9008.92578125","-9008.92578125","-9008.92578125"
"106","-26591.349609375","-26591.349609375","-26591.349609375","-8013.9921875","-8013.9921875","-8013.9921875","-13862.48828125","-13862.48828125","-13862.48828125","-6929.796875","-6929.796875","-6929.796875","-33823.29296875","-33823.29296875","-33823.29296875","-9040.330078125","-9040.330078125","-9040.330078125"
"107","-26597.806640625","-26597.806640625","-26597.806640625","-8124.29931640625","-8124.29931640625","-8124.29931640625","-13866.990234375","-13866.990234375","-13866.990234375","-6813.12109375","-6813.12109375","-6813.12109375","-34141.55859375","-34141.55859375","-34141.55859375","-8938.3828125","-8938.3828125","-8938.3828125"
"108","-26587.232421875","-26587.232421875","-26587.232421875","-8173.4609375","-8173.4609375","-8173.4609375","-13867.615234375","-13867.615234375","-13867.615234375","-6855.953125","-6855.953125","-6855.953125","-34246.1171875","-34246.1171875","-34246.1171875","-8933.4453125","-8933.4453125","-8933.4453125"
"109","-26826.5","-26826.5","-26826.5","-8169.3349609375","-8169.3349609375","-8169.3349609375","-13864.09375","-13864.09375","-13864.09375","-6911.794921875","-6911.794921875","-6911.794921875","-34462.4296875","-34462.4296875","-34462.4296875","-8926.44921875","-8926.44921875","-8926.44921875"
"110","-26824.330078125","-26824.330078125","-26824.330078125","-8159.6298828125","-8159.6298828125","-8159.6298828125","-13865.10546875","-13865.10546875","-13865.10546875","-6896.41796875","-6896.41796875","-6896.41796875","-34288.84375","-34288.84375","-34288.84375","-8919.294921875","-8919.294921875","-8919.294921875"
"111","-26816.052734375","-26816.052734375","-26816.052734375","-8142.21044921875","-8142.21044921875","-8142.21044921875","-13864.666015625","-13864.666015625","-13864.666015625","-6854.142578125","-6854.142578125","-6854.142578125","-34342.59375","-34342.59375","-34342.59375","-8914.3359375","-8914.3359375","-8914.3359375"
"112","-26594.27734375","-26594.27734375","-26594.27734375","-8190.9814453125","-8190.9814453125","-8190.9814453125","-13862.21875","-13862.21875","-13862.21875","-6836.19140625","-6836.19140625","-6836.19140625","-34864.09375","-34864.09375","-34864.09375","-8934.51171875","-8934.51171875","-8934.51171875"
"113","-26809.81640625","-26809.81640625","-26809.81640625","-8191.7958984375","-8191.7958984375","-8191.7958984375","-13863.322265625","-13863.322265625","-13863.322265625","-6829.939453125","-6829.939453125","-6829.939453125","-34342.265625","-34342.265625","-34342.265625","-8946.109375","-8946.109375","-8946.109375"
"114","-26812.826171875","-26812.826171875","-26812.826171875","-8209.123046875","-8209.123046875","-8209.123046875","-13862.375","-13862.375","-13862.375","-6831.669921875","-6831.669921875","-6831.669921875","-33985.55078125","-33985.55078125","-33985.55078125","-8950.154296875","-8950.154296875","-8950.154296875"
"115","-26782.603515625","-26782.603515625","-26782.603515625","-8130.322265625","-8130.322265625","-8130.322265625","-13856.88671875","-13856.88671875","-13856.88671875","-6848.86328125","-6848.86328125","-6848.86328125","-34066.328125","-34066.328125","-34066.328125","-8967.865234375","-8967.865234375","-8967.865234375"
"116","-26763.646484375","-26763.646484375","-26763.646484375","-8145.384765625","-8145.384765625","-8145.384765625","-13863.677734375","-13863.677734375","-13863.677734375","-6834.484375","-6834.484375","-6834.484375","-34051.71484375","-34051.71484375","-34051.71484375","-8925.93359375","-8925.93359375","-8925.93359375"
"117","-26578.28515625","-26578.28515625","-26578.28515625","-8113.84423828125","-8113.84423828125","-8113.84423828125","-13863.98828125","-13863.98828125","-13863.98828125","-6780.47265625","-6780.47265625","-6780.47265625","-34344.7890625","-34344.7890625","-34344.7890625","-8950.544921875","-8950.544921875","-8950.544921875"
"118","-26719.326171875","-26719.326171875","-26719.326171875","-8147.94384765625","-8147.94384765625","-8147.94384765625","-13863.939453125","-13863.939453125","-13863.939453125","-6795.47265625","-6795.47265625","-6795.47265625","-34552.5546875","-34552.5546875","-34552.5546875","-8909.39453125","-8909.39453125","-8909.39453125"
"119","-26908.255859375","-26908.255859375","-26908.255859375","-8184.98681640625","-8184.98681640625","-8184.98681640625","-13864.16015625","-13864.16015625","-13864.16015625","-6787.12109375","-6787.12109375","-6787.12109375","-35014.75","-35014.75","-35014.75","-8889.9609375","-8889.9609375","-8889.9609375"
"120","-27063.025390625","-27063.025390625","-27063.025390625","-8184.822265625","-8184.822265625","-8184.822265625","-13857.94140625","-13857.94140625","-13857.94140625","-6780.36328125","-6780.36328125","-6780.36328125","-35039.9921875","-35039.9921875","-35039.9921875","-8921.6796875","-8921.6796875","-8921.6796875"
"121","-26903.64453125","-26903.64453125","-26903.64453125","-8132.921875","-8132.921875","-8132.921875","-13858.41015625","-13858.41015625","-13858.41015625","-6776.568359375","-6776.568359375","-6776.568359375","-34458.3828125","-34458.3828125","-34458.3828125","-8923.21484375","-8923.21484375","-8923.21484375"
"122","-26968.58203125","-26968.58203125","-26968.58203125","-8158.5517578125","-8158.5517578125","-8158.5517578125","-13856.185546875","-13856.185546875","-13856.185546875","-6776.802734375","-6776.802734375","-6776.802734375","-34598.26171875","-34598.26171875","-34598.26171875","-8957.3125","-8957.3125","-8957.3125"
"123","-27096.82421875","-27096.82421875","-27096.82421875","-8069.2568359375","-8069.2568359375","-8069.2568359375","-13862.9921875","-13862.9921875","-13862.9921875","-6766.55078125","-6766.55078125","-6766.55078125","-34616.0390625","-34616.0390625","-34616.0390625","-8958.216796875","-8958.216796875","-8958.216796875"
"124","-27063.74609375","-27063.74609375","-27063.74609375","-8032.578125","-8032.578125","-8032.578125","-13857.92578125","-13857.92578125","-13857.92578125","-6770.4140625","-6770.4140625","-6770.4140625","-34585.375","-34585.375","-34585.375","-8950.05078125","-8950.05078125","-8950.05078125"
"125","-27124.775390625","-27124.775390625","-27124.775390625","-8053.52099609375","-8053.52099609375","-8053.52099609375","-13870.9375","-13870.9375","-13870.9375","-6806.806640625","-6806.806640625","-6806.806640625","-35019.03125","-35019.03125","-35019.03125","-8946.275390625","-8946.275390625","-8946.275390625"
"126","-27132.154296875","-27132.154296875","-27132.154296875","-8050.8525390625","-8050.8525390625","-8050.8525390625","-13855.0703125","-13855.0703125","-13855.0703125","-6767.779296875","-6767.779296875","-6767.779296875","-34847.30078125","-34847.30078125","-34847.30078125","-8879.01953125","-8879.01953125","-8879.01953125"
"127","-27056.21484375","-27056.21484375","-27056.21484375","-8092.09326171875","-8092.09326171875","-8092.09326171875","-13859.0546875","-13859.0546875","-13859.0546875","-6720.6171875","-6720.6171875","-6720.6171875","-35715.390625","-35715.390625","-35715.390625","-8884.1640625","-8884.1640625","-8884.1640625"
"128","-26985.57421875","-26985.57421875","-26985.57421875","-8152.5908203125","-8152.5908203125","-8152.5908203125","-13860.49609375","-13860.49609375","-13860.49609375","-6723.888671875","-6723.888671875","-6723.888671875","-35666.4296875","-35666.4296875","-35666.4296875","-8910.00390625","-8910.00390625","-8910.00390625"
"129","-27099.25","-27099.25","-27099.25","-8218.005859375","-8218.005859375","-8218.005859375","-13863.095703125","-13863.095703125","-13863.095703125","-6744.50390625","-6744.50390625","-6744.50390625","-35898.72265625","-35898.72265625","-35898.72265625","-8931.7890625","-8931.7890625","-8931.7890625"
"130","-26949.25390625","-26949.25390625","-26949.25390625","-8211.7763671875","-8211.7763671875","-8211.7763671875","-13860.013671875","-13860.013671875","-13860.013671875","-6750.3671875","-6750.3671875","-6750.3671875","-35481.76953125","-35481.76953125","-35481.76953125","-8976.6484375","-8976.6484375","-8976.6484375"
"131","-26908.66015625","-26908.66015625","-26908.66015625","-8346.5380859375","-8346.5380859375","-8346.5380859375","-13860.064453125","-13860.064453125","-13860.064453125","-6746.16796875","-6746.16796875","-6746.16796875","-35533.5546875","-35533.5546875","-35533.5546875","-8961.82421875","-8961.82421875","-8961.82421875"
"132","-27194.427734375","-27194.427734375","-27194.427734375","-8102.35546875","-8102.35546875","-8102.35546875","-13860.98046875","-13860.98046875","-13860.98046875","-6735.396484375","-6735.396484375","-6735.396484375","-35405.9765625","-35405.9765625","-35405.9765625","-8915.62109375","-8915.62109375","-8915.62109375"
"133","-27198.01171875","-27198.01171875","-27198.01171875","-8046.9130859375","-8046.9130859375","-8046.9130859375","-13858.626953125","-13858.626953125","-13858.626953125","-6731.494140625","-6731.494140625","-6731.494140625","-35354.51953125","-35354.51953125","-35354.51953125","-8875.158203125","-8875.158203125","-8875.158203125"
"134","-27080.33203125","-27080.33203125","-27080.33203125","-8022.458984375","-8022.458984375","-8022.458984375","-13856.6640625","-13856.6640625","-13856.6640625","-6732.9140625","-6732.9140625","-6732.9140625","-35349.46875","-35349.46875","-35349.46875","-8890.6796875","-8890.6796875","-8890.6796875"
"135","-27024.29296875","-27024.29296875","-27024.29296875","-8031.451171875","-8031.451171875","-8031.451171875","-13853.888671875","-13853.888671875","-13853.888671875","-6737.07421875","-6737.07421875","-6737.07421875","-35187.625","-35187.625","-35187.625","-8983","-8983","-8983"
"136","-26852.625","-26852.625","-26852.625","-8041.4775390625","-8041.4775390625","-8041.4775390625","-13853.546875","-13853.546875","-13853.546875","-6734.814453125","-6734.814453125","-6734.814453125","-35012.7265625","-35012.7265625","-35012.7265625","-9014.68359375","-9014.68359375","-9014.68359375"
"137","-27020.77734375","-27020.77734375","-27020.77734375","-8008.533203125","-8008.533203125","-8008.533203125","-13858.84765625","-13858.84765625","-13858.84765625","-6734.8125","-6734.8125","-6734.8125","-35117.25","-35117.25","-35117.25","-9012.08203125","-9012.08203125","-9012.08203125"
"138","-27020.458984375","-27020.458984375","-27020.458984375","-8016.12060546875","-8016.12060546875","-8016.12060546875","-13854.69140625","-13854.69140625","-13854.69140625","-6726.79296875","-6726.79296875","-6726.79296875","-35688.54296875","-35688.54296875","-35688.54296875","-9027.07421875","-9027.07421875","-9027.07421875"
"139","-27019.8203125","-27019.8203125","-27019.8203125","-8060.4052734375","-8060.4052734375","-8060.4052734375","-13856.9921875","-13856.9921875","-13856.9921875","-6685.240234375","-6685.240234375","-6685.240234375","-35659.7578125","-35659.7578125","-35659.7578125","-9008.4453125","-9008.4453125","-9008.4453125"
"140","-27014.451171875","-27014.451171875","-27014.451171875","-8087.5927734375","-8087.5927734375","-8087.5927734375","-13856.697265625","-13856.697265625","-13856.697265625","-6705.380859375","-6705.380859375","-6705.380859375","-35256.0234375","-35256.0234375","-35256.0234375","-8934.984375","-8934.984375","-8934.984375"
"141","-27004.115234375","-27004.115234375","-27004.115234375","-8126.359375","-8126.359375","-8126.359375","-13855.97265625","-13855.97265625","-13855.97265625","-6706.158203125","-6706.158203125","-6706.158203125","-35772.79296875","-35772.79296875","-35772.79296875","-8871.068359375","-8871.068359375","-8871.068359375"
"142","-26823.98828125","-26823.98828125","-26823.98828125","-8119.19677734375","-8119.19677734375","-8119.19677734375","-13856.884765625","-13856.884765625","-13856.884765625","-6641.3046875","-6641.3046875","-6641.3046875","-35344.5390625","-35344.5390625","-35344.5390625","-8914.65625","-8914.65625","-8914.65625"
"143","-26822.552734375","-26822.552734375","-26822.552734375","-8116.9853515625","-8116.9853515625","-8116.9853515625","-13855.43359375","-13855.43359375","-13855.43359375","-6623.37890625","-6623.37890625","-6623.37890625","-35662.625","-35662.625","-35662.625","-8914.103515625","-8914.103515625","-8914.103515625"
"144","-26818.474609375","-26818.474609375","-26818.474609375","-8159.42919921875","-8159.42919921875","-8159.42919921875","-13856.271484375","-13856.271484375","-13856.271484375","-6698.40625","-6698.40625","-6698.40625","-35455.7421875","-35455.7421875","-35455.7421875","-8898.25390625","-8898.25390625","-8898.25390625"
"145","-26989.6328125","-26989.6328125","-26989.6328125","-8203.345703125","-8203.345703125","-8203.345703125","-13856","-13856","-13856","-6595.044921875","-6595.044921875","-6595.044921875","-35365.96484375","-35365.96484375","-35365.96484375","-8908.9765625","-8908.9765625","-8908.9765625"
"146","-26989.888671875","-26989.888671875","-26989.888671875","-8183.7685546875","-8183.7685546875","-8183.7685546875","-13855.333984375","-13855.333984375","-13855.333984375","-6591.677734375","-6591.677734375","-6591.677734375","-35351.125","-35351.125","-35351.125","-8947.00390625","-8947.00390625","-8947.00390625"
"147","-27013.279296875","-27013.279296875","-27013.279296875","-8114.9423828125","-8114.9423828125","-8114.9423828125","-13851.98046875","-13851.98046875","-13851.98046875","-6695.376953125","-6695.376953125","-6695.376953125","-35612.5234375","-35612.5234375","-35612.5234375","-8865.921875","-8865.921875","-8865.921875"
"148","-26983.18359375","-26983.18359375","-26983.18359375","-8100.0146484375","-8100.0146484375","-8100.0146484375","-13852.529296875","-13852.529296875","-13852.529296875","-6736.275390625","-6736.275390625","-6736.275390625","-35388.0390625","-35388.0390625","-35388.0390625","-8924.923828125","-8924.923828125","-8924.923828125"
"149","-26978.640625","-26978.640625","-26978.640625","-8035.7392578125","-8035.7392578125","-8035.7392578125","-13853.416015625","-13853.416015625","-13853.416015625","-6776.14453125","-6776.14453125","-6776.14453125","-35523.2421875","-35523.2421875","-35523.2421875","-8949.51953125","-8949.51953125","-8949.51953125"
"150","-26975.505859375","-26975.505859375","-26975.505859375","-8065.2392578125","-8065.2392578125","-8065.2392578125","-13853.544921875","-13853.544921875","-13853.544921875","-6817.14453125","-6817.14453125","-6817.14453125","-35595.3046875","-35595.3046875","-35595.3046875","-8949.26171875","-8949.26171875","-8949.26171875"
"151","-26796.580078125","-26796.580078125","-26796.580078125","-7973.724609375","-7973.724609375","-7973.724609375","-13853.2265625","-13853.2265625","-13853.2265625","-6883.9375","-6883.9375","-6883.9375","-35404.05859375","-35404.05859375","-35404.05859375","-9025.306640625","-9025.306640625","-9025.306640625"
"152","-26706.96875","-26706.96875","-26706.96875","-8016.8076171875","-8016.8076171875","-8016.8076171875","-13851.931640625","-13851.931640625","-13851.931640625","-6773.0859375","-6773.0859375","-6773.0859375","-35587.609375","-35587.609375","-35587.609375","-8959.23046875","-8959.23046875","-8959.23046875"
"153","-26699.392578125","-26699.392578125","-26699.392578125","-8073.14404296875","-8073.14404296875","-8073.14404296875","-13851.90625","-13851.90625","-13851.90625","-6678.24609375","-6678.24609375","-6678.24609375","-35487.43359375","-35487.43359375","-35487.43359375","-8956.23046875","-8956.23046875","-8956.23046875"
"154","-26635.673828125","-26635.673828125","-26635.673828125","-8197.080078125","-8197.080078125","-8197.080078125","-13851.376953125","-13851.376953125","-13851.376953125","-6914.576171875","-6914.576171875","-6914.576171875","-35520.89453125","-35520.89453125","-35520.89453125","-9026.2578125","-9026.2578125","-9026.2578125"
"155","-26827.158203125","-26827.158203125","-26827.158203125","-8140.3447265625","-8140.3447265625","-8140.3447265625","-13855.849609375","-13855.849609375","-13855.849609375","-6984.77734375","-6984.77734375","-6984.77734375","-35281.59375","-35281.59375","-35281.59375","-8974.8125","-8974.8125","-8974.8125"
"156","-26826.970703125","-26826.970703125","-26826.970703125","-8051.35009765625","-8051.35009765625","-8051.35009765625","-13853.470703125","-13853.470703125","-13853.470703125","-6964.96484375","-6964.96484375","-6964.96484375","-35021.484375","-35021.484375","-35021.484375","-8990.265625","-8990.265625","-8990.265625"
"157","-26847.369140625","-26847.369140625","-26847.369140625","-7976.2216796875","-7976.2216796875","-7976.2216796875","-13851.900390625","-13851.900390625","-13851.900390625","-6860.57421875","-6860.57421875","-6860.57421875","-35300.3125","-35300.3125","-35300.3125","-9068.9921875","-9068.9921875","-9068.9921875"
"158","-26817.5546875","-26817.5546875","-26817.5546875","-7966.1181640625","-7966.1181640625","-7966.1181640625","-13855.08984375","-13855.08984375","-13855.08984375","-6710.3203125","-6710.3203125","-6710.3203125","-35447.03125","-35447.03125","-35447.03125","-9065.583984375","-9065.583984375","-9065.583984375"
"159","-26813.775390625","-26813.775390625","-26813.775390625","-7972.85498046875","-7972.85498046875","-7972.85498046875","-13854.3125","-13854.3125","-13854.3125","-6796.376953125","-6796.376953125","-6796.376953125","-35213.0859375","-35213.0859375","-35213.0859375","-8987.1484375","-8987.1484375","-8987.1484375"
"160","-26812.34765625","-26812.34765625","-26812.34765625","-7976.20458984375","-7976.20458984375","-7976.20458984375","-13852.5078125","-13852.5078125","-13852.5078125","-6678.7734375","-6678.7734375","-6678.7734375","-35089.3984375","-35089.3984375","-35089.3984375","-8966.30859375","-8966.30859375","-8966.30859375"
"161","-26835.60546875","-26835.60546875","-26835.60546875","-7971.21728515625","-7971.21728515625","-7971.21728515625","-13852.64453125","-13852.64453125","-13852.64453125","-6666.744140625","-6666.744140625","-6666.744140625","-35284.203125","-35284.203125","-35284.203125","-8977.865234375","-8977.865234375","-8977.865234375"
"162","-26805.1796875","-26805.1796875","-26805.1796875","-7967.072265625","-7967.072265625","-7967.072265625","-13852.423828125","-13852.423828125","-13852.423828125","-6878.4140625","-6878.4140625","-6878.4140625","-35652.0625","-35652.0625","-35652.0625","-8982.740234375","-8982.740234375","-8982.740234375"
"163","-26810.6328125","-26810.6328125","-26810.6328125","-7999.91552734375","-7999.91552734375","-7999.91552734375","-13854.0546875","-13854.0546875","-13854.0546875","-7490.47265625","-7490.47265625","-7490.47265625","-35362.9921875","-35362.9921875","-35362.9921875","-9083.81640625","-9083.81640625","-9083.81640625"
"164","-26841.2734375","-26841.2734375","-26841.2734375","-8126.8798828125","-8126.8798828125","-8126.8798828125","-13854.0625","-13854.0625","-13854.0625","-6847.41015625","-6847.41015625","-6847.41015625","-35546.8984375","-35546.8984375","-35546.8984375","-9079.05078125","-9079.05078125","-9079.05078125"
"165","-26939.302734375","-26939.302734375","-26939.302734375","-8134.080078125","-8134.080078125","-8134.080078125","-13850.6171875","-13850.6171875","-13850.6171875","-6841.91015625","-6841.91015625","-6841.91015625","-35908.5625","-35908.5625","-35908.5625","-9063.357421875","-9063.357421875","-9063.357421875"
"166","-26819.2265625","-26819.2265625","-26819.2265625","-8090","-8090","-8090","-13847.23828125","-13847.23828125","-13847.23828125","-6695.404296875","-6695.404296875","-6695.404296875","-35626.40625","-35626.40625","-35626.40625","-9039.0859375","-9039.0859375","-9039.0859375"
"167","-26798.146484375","-26798.146484375","-26798.146484375","-8100.384765625","-8100.384765625","-8100.384765625","-13849.9453125","-13849.9453125","-13849.9453125","-6657.060546875","-6657.060546875","-6657.060546875","-35493.4453125","-35493.4453125","-35493.4453125","-8980.48828125","-8980.48828125","-8980.48828125"
"168","-26624.513671875","-26624.513671875","-26624.513671875","-8113.5673828125","-8113.5673828125","-8113.5673828125","-13848.35546875","-13848.35546875","-13848.35546875","-6727.283203125","-6727.283203125","-6727.283203125","-35857.7265625","-35857.7265625","-35857.7265625","-8975.33984375","-8975.33984375","-8975.33984375"
"169","-26821.291015625","-26821.291015625","-26821.291015625","-8119.92578125","-8119.92578125","-8119.92578125","-13851.521484375","-13851.521484375","-13851.521484375","-6785.875","-6785.875","-6785.875","-36007.46875","-36007.46875","-36007.46875","-9097.0390625","-9097.0390625","-9097.0390625"
"170","-26800.771484375","-26800.771484375","-26800.771484375","-8140.34375","-8140.34375","-8140.34375","-13853.818359375","-13853.818359375","-13853.818359375","-6771.5","-6771.5","-6771.5","-35397.97265625","-35397.97265625","-35397.97265625","-9155.20703125","-9155.20703125","-9155.20703125"
"171","-26618.99609375","-26618.99609375","-26618.99609375","-8147.7685546875","-8147.7685546875","-8147.7685546875","-13853.173828125","-13853.173828125","-13853.173828125","-6761.25390625","-6761.25390625","-6761.25390625","-35346.9140625","-35346.9140625","-35346.9140625","-9109.2109375","-9109.2109375","-9109.2109375"
"172","-26618.296875","-26618.296875","-26618.296875","-8202.595703125","-8202.595703125","-8202.595703125","-13851.560546875","-13851.560546875","-13851.560546875","-6743.11328125","-6743.11328125","-6743.11328125","-35234.125","-35234.125","-35234.125","-9001.95703125","-9001.95703125","-9001.95703125"
"173","-26798.939453125","-26798.939453125","-26798.939453125","-8210.7158203125","-8210.7158203125","-8210.7158203125","-13850.66015625","-13850.66015625","-13850.66015625","-6730.556640625","-6730.556640625","-6730.556640625","-35284.37109375","-35284.37109375","-35284.37109375","-9027.3203125","-9027.3203125","-9027.3203125"
"174","-26795.505859375","-26795.505859375","-26795.505859375","-8235.0966796875","-8235.0966796875","-8235.0966796875","-13849.390625","-13849.390625","-13849.390625","-6832.931640625","-6832.931640625","-6832.931640625","-35303.68359375","-35303.68359375","-35303.68359375","-9021.0859375","-9021.0859375","-9021.0859375"
"175","-26794.09765625","-26794.09765625","-26794.09765625","-8298.794921875","-8298.794921875","-8298.794921875","-13849.43359375","-13849.43359375","-13849.43359375","-6776.205078125","-6776.205078125","-6776.205078125","-35391.375","-35391.375","-35391.375","-9028.94921875","-9028.94921875","-9028.94921875"
"176","-26793.783203125","-26793.783203125","-26793.783203125","-8290.20703125","-8290.20703125","-8290.20703125","-13851.8125","-13851.8125","-13851.8125","-6853.044921875","-6853.044921875","-6853.044921875","-35282.46875","-35282.46875","-35282.46875","-9013.56640625","-9013.56640625","-9013.56640625"
"177","-26770.115234375","-26770.115234375","-26770.115234375","-8259.5625","-8259.5625","-8259.5625","-13851.6171875","-13851.6171875","-13851.6171875","-6735.33203125","-6735.33203125","-6735.33203125","-35258.3984375","-35258.3984375","-35258.3984375","-9057.716796875","-9057.716796875","-9057.716796875"
"178","-26745.7265625","-26745.7265625","-26745.7265625","-8279.529296875","-8279.529296875","-8279.529296875","-13850.5078125","-13850.5078125","-13850.5078125","-6779.2421875","-6779.2421875","-6779.2421875","-35185.921875","-35185.921875","-35185.921875","-9063.20703125","-9063.20703125","-9063.20703125"
"179","-26751.33984375","-26751.33984375","-26751.33984375","-8246.1689453125","-8246.1689453125","-8246.1689453125","-13849.3046875","-13849.3046875","-13849.3046875","-6735.23046875","-6735.23046875","-6735.23046875","-35147.03515625","-35147.03515625","-35147.03515625","-9080.791015625","-9080.791015625","-9080.791015625"
"180","-26799.685546875","-26799.685546875","-26799.685546875","-8260.4248046875","-8260.4248046875","-8260.4248046875","-13849.234375","-13849.234375","-13849.234375","-6732.3984375","-6732.3984375","-6732.3984375","-35112.5546875","-35112.5546875","-35112.5546875","-9080.04296875","-9080.04296875","-9080.04296875"
"181","-26803.892578125","-26803.892578125","-26803.892578125","-8223.826171875","-8223.826171875","-8223.826171875","-13849.3203125","-13849.3203125","-13849.3203125","-6788.9921875","-6788.9921875","-6788.9921875","-35039.32421875","-35039.32421875","-35039.32421875","-8928.607421875","-8928.607421875","-8928.607421875"
"182","-26807.708984375","-26807.708984375","-26807.708984375","-8243.947265625","-8243.947265625","-8243.947265625","-13849.5234375","-13849.5234375","-13849.5234375","-6754.576171875","-6754.576171875","-6754.576171875","-35161.640625","-35161.640625","-35161.640625","-9006.423828125","-9006.423828125","-9006.423828125"
"183","-26841.2109375","-26841.2109375","-26841.2109375","-8248.056640625","-8248.056640625","-8248.056640625","-13849.591796875","-13849.591796875","-13849.591796875","-6749.49609375","-6749.49609375","-6749.49609375","-35132.0234375","-35132.0234375","-35132.0234375","-8939.84375","-8939.84375","-8939.84375"
"184","-26802.55859375","-26802.55859375","-26802.55859375","-8251.046875","-8251.046875","-8251.046875","-13848.14453125","-13848.14453125","-13848.14453125","-6757.669921875","-6757.669921875","-6757.669921875","-35111.359375","-35111.359375","-35111.359375","-8932.8515625","-8932.8515625","-8932.8515625"
"185","-26801.3828125","-26801.3828125","-26801.3828125","-8109.1611328125","-8109.1611328125","-8109.1611328125","-13851.2734375","-13851.2734375","-13851.2734375","-6742.96875","-6742.96875","-6742.96875","-35994.578125","-35994.578125","-35994.578125","-9017.3046875","-9017.3046875","-9017.3046875"
"186","-26797.783203125","-26797.783203125","-26797.783203125","-8065.2158203125","-8065.2158203125","-8065.2158203125","-13848.29296875","-13848.29296875","-13848.29296875","-6755.90625","-6755.90625","-6755.90625","-35850.71484375","-35850.71484375","-35850.71484375","-8992.564453125","-8992.564453125","-8992.564453125"
"187","-26794.349609375","-26794.349609375","-26794.349609375","-8025.78515625","-8025.78515625","-8025.78515625","-13848.197265625","-13848.197265625","-13848.197265625","-6736.95703125","-6736.95703125","-6736.95703125","-35771.2734375","-35771.2734375","-35771.2734375","-9008.72265625","-9008.72265625","-9008.72265625"
"188","-26792.306640625","-26792.306640625","-26792.306640625","-8035.53125","-8035.53125","-8035.53125","-13849.49609375","-13849.49609375","-13849.49609375","-6804.56640625","-6804.56640625","-6804.56640625","-36127.46484375","-36127.46484375","-36127.46484375","-9150.9375","-9150.9375","-9150.9375"
"189","-26791.01171875","-26791.01171875","-26791.01171875","-8037.5517578125","-8037.5517578125","-8037.5517578125","-13846.01171875","-13846.01171875","-13846.01171875","-6786.86328125","-6786.86328125","-6786.86328125","-35848.21875","-35848.21875","-35848.21875","-8972.052734375","-8972.052734375","-8972.052734375"
"190","-26788.3125","-26788.3125","-26788.3125","-8112.5625","-8112.5625","-8112.5625","-13846.5546875","-13846.5546875","-13846.5546875","-6767.689453125","-6767.689453125","-6767.689453125","-36030.265625","-36030.265625","-36030.265625","-9003.73046875","-9003.73046875","-9003.73046875"
"191","-26786.154296875","-26786.154296875","-26786.154296875","-8151.4345703125","-8151.4345703125","-8151.4345703125","-13845.732421875","-13845.732421875","-13845.732421875","-6828.23828125","-6828.23828125","-6828.23828125","-35775.26171875","-35775.26171875","-35775.26171875","-8981.951171875","-8981.951171875","-8981.951171875"
"192","-26785.2109375","-26785.2109375","-26785.2109375","-8279.541015625","-8279.541015625","-8279.541015625","-13845.2734375","-13845.2734375","-13845.2734375","-6741.37109375","-6741.37109375","-6741.37109375","-35618.6015625","-35618.6015625","-35618.6015625","-8981.71484375","-8981.71484375","-8981.71484375"
"193","-26784.380859375","-26784.380859375","-26784.380859375","-8262.9541015625","-8262.9541015625","-8262.9541015625","-13843.041015625","-13843.041015625","-13843.041015625","-6803.828125","-6803.828125","-6803.828125","-35680.7265625","-35680.7265625","-35680.7265625","-9004.86328125","-9004.86328125","-9004.86328125"
"194","-26782.80078125","-26782.80078125","-26782.80078125","-8247.494140625","-8247.494140625","-8247.494140625","-13850.96484375","-13850.96484375","-13850.96484375","-6815.5","-6815.5","-6815.5","-35787.96875","-35787.96875","-35787.96875","-8995.54296875","-8995.54296875","-8995.54296875"
"195","-26799.783203125","-26799.783203125","-26799.783203125","-8235.083984375","-8235.083984375","-8235.083984375","-13848.943359375","-13848.943359375","-13848.943359375","-6801.7421875","-6801.7421875","-6801.7421875","-35669.9296875","-35669.9296875","-35669.9296875","-8986.89453125","-8986.89453125","-8986.89453125"
"196","-26851.990234375","-26851.990234375","-26851.990234375","-8213.748046875","-8213.748046875","-8213.748046875","-13847.080078125","-13847.080078125","-13847.080078125","-6783.548828125","-6783.548828125","-6783.548828125","-35907.44140625","-35907.44140625","-35907.44140625","-8973.943359375","-8973.943359375","-8973.943359375"
"197","-26780.283203125","-26780.283203125","-26780.283203125","-8065.8583984375","-8065.8583984375","-8065.8583984375","-13846.4140625","-13846.4140625","-13846.4140625","-6778.841796875","-6778.841796875","-6778.841796875","-35970.0625","-35970.0625","-35970.0625","-8970.70703125","-8970.70703125","-8970.70703125"
"198","-27067.34765625","-27067.34765625","-27067.34765625","-8059.638671875","-8059.638671875","-8059.638671875","-13847.50390625","-13847.50390625","-13847.50390625","-6781.40625","-6781.40625","-6781.40625","-35727.2734375","-35727.2734375","-35727.2734375","-8942.94140625","-8942.94140625","-8942.94140625"
"199","-26781.50390625","-26781.50390625","-26781.50390625","-8081.828125","-8081.828125","-8081.828125","-13845.384765625","-13845.384765625","-13845.384765625","-6794.888671875","-6794.888671875","-6794.888671875","-35744.5390625","-35744.5390625","-35744.5390625","-8932.63671875","-8932.63671875","-8932.63671875"